concept,member,member type,sort weight
Dispensing units,DAGU unit 0.4L,concept-set,1
Dispensing units,DAGU unit 1 gm,concept-set,2
Dispensing units,DAGU unit 1 Kg,concept-set,3
Dispensing units,DAGU unit 1 liter,concept-set,4
Dispensing units,DAGU unit 1 Litre,concept-set,5
Dispensing units,DAGU unit 1 ml,concept-set,6
Dispensing units,DAGU unit 1.3ml,concept-set,7
Dispensing units,DAGU unit 1.5ml,concept-set,8
Dispensing units,DAGU unit 10,concept-set,9
Dispensing units,DAGU unit 10 ml,concept-set,10
Dispensing units,DAGU unit 10/box,concept-set,11
Dispensing units,DAGU unit 100,concept-set,12
Dispensing units,DAGU unit 100 gm,concept-set,13
Dispensing units,DAGU unit 100 ml,concept-set,14
Dispensing units,DAGU unit 1000 ml,concept-set,15
Dispensing units,DAGU unit 1000ml,concept-set,16
Dispensing units,DAGU unit 100EXN,concept-set,17
Dispensing units,DAGU unit 100gm,concept-set,18
Dispensing units,DAGU unit 100L,concept-set,19
Dispensing units,DAGU unit 100ml,concept-set,20
Dispensing units,DAGU unit 10doses,concept-set,21
Dispensing units,DAGU unit 10gm,concept-set,22
Dispensing units,DAGU unit 10kg,concept-set,23
Dispensing units,DAGU unit 10L,concept-set,24
Dispensing units,DAGU unit 10ml,concept-set,25
Dispensing units,DAGU unit 10vials,concept-set,26
Dispensing units,DAGU unit 10x10,concept-set,27
Dispensing units,DAGU unit 1200ml,concept-set,28
Dispensing units,DAGU unit 120ml,concept-set,29
Dispensing units,DAGU unit 125 ml,concept-set,30
Dispensing units,DAGU unit 125ml,concept-set,31
Dispensing units,DAGU unit 12ml,concept-set,32
Dispensing units,DAGU unit 130ml,concept-set,33
Dispensing units,DAGU unit 15 gm,concept-set,34
Dispensing units,DAGU unit 15 ml,concept-set,35
Dispensing units,DAGU unit 150ml,concept-set,36
Dispensing units,DAGU unit 15gm,concept-set,37
Dispensing units,DAGU unit 15ml,concept-set,38
Dispensing units,DAGU unit 160ml,concept-set,39
Dispensing units,DAGU unit 175gm,concept-set,40
Dispensing units,DAGU unit 175ml,concept-set,41
Dispensing units,DAGU unit 17ml,concept-set,42
Dispensing units,DAGU unit 180,concept-set,43
Dispensing units,DAGU unit 1gm,concept-set,44
Dispensing units,DAGU unit 1Kg,concept-set,45
Dispensing units,DAGU unit 1L,concept-set,46
Dispensing units,DAGU unit 1mg,concept-set,47
Dispensing units,DAGU unit 1ml,concept-set,48
Dispensing units,DAGU unit 2.5kg,concept-set,49
Dispensing units,DAGU unit 2.5L,concept-set,50
Dispensing units,DAGU unit 2.5ml,concept-set,51
Dispensing units,DAGU unit 2.75L,concept-set,52
Dispensing units,DAGU unit 20 gm,concept-set,53
Dispensing units,DAGU unit 20 ml,concept-set,54
Dispensing units,DAGU unit 200 doze,concept-set,55
Dispensing units,DAGU unit 200 ml,concept-set,56
Dispensing units,DAGU unit 200gm,concept-set,57
Dispensing units,DAGU unit 200meter dose,concept-set,58
Dispensing units,DAGU unit 200metered dose,concept-set,59
Dispensing units,DAGU unit 200metered doses,concept-set,60
Dispensing units,DAGU unit 200ml,concept-set,61
Dispensing units,DAGU unit 20doses,concept-set,62
Dispensing units,DAGU unit 20gm,concept-set,63
Dispensing units,DAGU unit 20L,concept-set,64
Dispensing units,DAGU unit 20mg,concept-set,65
Dispensing units,DAGU unit 20ml,concept-set,66
Dispensing units,DAGU unit 240 ml,concept-set,67
Dispensing units,DAGU unit 240ml,concept-set,68
Dispensing units,DAGU unit 25 gm,concept-set,69
Dispensing units,DAGU unit 25 ml,concept-set,70
Dispensing units,DAGU unit 250 gm,concept-set,71
Dispensing units,DAGU unit 250 ml,concept-set,72
Dispensing units,DAGU unit 250gm,concept-set,73
Dispensing units,DAGU unit 250ml,concept-set,74
Dispensing units,DAGU unit 25gm,concept-set,75
Dispensing units,DAGU unit 25ml,concept-set,76
Dispensing units,DAGU unit 29ml,concept-set,77
Dispensing units,DAGU unit 2L,concept-set,78
Dispensing units,DAGU unit 2ml,concept-set,79
Dispensing units,DAGU unit 2x2x1ml,concept-set,80
Dispensing units,DAGU unit 3.0ML*6,concept-set,81
Dispensing units,DAGU unit 3.3ml,concept-set,82
Dispensing units,DAGU unit 3.5gm,concept-set,83
Dispensing units,DAGU unit 3.5ml,concept-set,84
Dispensing units,DAGU unit 3.8L,concept-set,85
Dispensing units,DAGU unit 30 gm,concept-set,86
Dispensing units,DAGU unit 30 ml,concept-set,87
Dispensing units,DAGU unit 300ml,concept-set,88
Dispensing units,DAGU unit 30gm,concept-set,89
Dispensing units,DAGU unit 30ml,concept-set,90
Dispensing units,DAGU unit 35ml,concept-set,91
Dispensing units,DAGU unit 3ml,concept-set,92
Dispensing units,DAGU unit 4 ml,concept-set,93
Dispensing units,DAGU unit 4.5 kg,concept-set,94
Dispensing units,DAGU unit 4.5gm,concept-set,95
Dispensing units,DAGU unit 4.5kg,concept-set,96
Dispensing units,DAGU unit 4.5ml,concept-set,97
Dispensing units,DAGU unit 400ml,concept-set,98
Dispensing units,DAGU unit 40gm,concept-set,99
Dispensing units,DAGU unit 40mg,concept-set,100
Dispensing units,DAGU unit 40ml,concept-set,101
Dispensing units,DAGU unit 4gm,concept-set,102
Dispensing units,DAGU unit 4ml,concept-set,103
Dispensing units,DAGU unit 4x1.5ml,concept-set,104
Dispensing units,DAGU unit 5,concept-set,105
Dispensing units,DAGU unit 5 gm,concept-set,106
Dispensing units,DAGU unit 5 kg,concept-set,107
Dispensing units,DAGU unit 5 ml,concept-set,108
Dispensing units,DAGU unit 5.1L,concept-set,109
Dispensing units,DAGU unit 50,concept-set,110
Dispensing units,DAGU unit 500 gm,concept-set,111
Dispensing units,DAGU unit 500 ml,concept-set,112
Dispensing units,DAGU unit 500gm,concept-set,113
Dispensing units,DAGU unit 500mg,concept-set,114
Dispensing units,DAGU unit 500ml,concept-set,115
Dispensing units,DAGU unit 500MLX2,concept-set,116
Dispensing units,DAGU unit 50discs,concept-set,117
Dispensing units,DAGU unit 50gm,concept-set,118
Dispensing units,DAGU unit 50mg,concept-set,119
Dispensing units,DAGU unit 50ml,concept-set,120
Dispensing units,DAGU unit 5gm,concept-set,121
Dispensing units,DAGU unit 5L,concept-set,122
Dispensing units,DAGU unit 5ml,concept-set,123
Dispensing units,DAGU unit 600ml,concept-set,124
Dispensing units,DAGU unit 60ml,concept-set,125
Dispensing units,DAGU unit 7.5ml,concept-set,126
Dispensing units,DAGU unit 70ml,concept-set,127
Dispensing units,DAGU unit 75gm,concept-set,128
Dispensing units,DAGU unit 75ml,concept-set,129
Dispensing units,DAGU unit 800gm,concept-set,130
Dispensing units,DAGU unit 80ml,concept-set,131
Dispensing units,DAGU unit 82gm,concept-set,132
Dispensing units,DAGU unit 90ml,concept-set,133
Dispensing units,DAGU unit 960ml,concept-set,134
Dispensing units,DAGU unit Dose,concept-set,135
Dispensing units,DAGU unit Test,concept-set,136
Dispensing units,Ampule(s),concept-set,137
Dispensing units,Bag,concept-set,138
Dispensing units,Bar,concept-set,139
Dispensing units,Bottle,concept-set,140
Dispensing units,Box,concept-set,141
Dispensing units,Capsule,concept-set,142
Dispensing units,Cartridge,concept-set,143
Dispensing units,Cubic meter,concept-set,144
Dispensing units,Cycle,concept-set,145
Dispensing units,Dozen,concept-set,146
Dispensing units,Each,concept-set,147
Dispensing units,Kit,concept-set,148
Dispensing units,Packets,concept-set,149
Dispensing units,Pair,concept-set,150
Dispensing units,Piece,concept-set,151
Dispensing units,Pieces,concept-set,152
Dispensing units,Ring pessary,concept-set,153
Dispensing units,Roll,concept-set,154
Dispensing units,Sachet,concept-set,155
Dispensing units,Set,concept-set,156
Dispensing units,Strip,concept-set,157
Dispensing units,Suppository,concept-set,158
Dispensing units,Syringe,concept-set,159
Dispensing units,Tablet,concept-set,160
Dispensing units,Tube,concept-set,161
Dispensing units,Vial,concept-set,162
