Uuid,Void/Retire,Name,Concept Drug,Concept Dosage Form,strength,_version:1
5be19eaa-8408-45f1-8812-fab958943d55,,Abacavir-60mg -Tablet,70056AAAAAAAAAAAAAAAAAAAAAAAAAAAAAAA,1513AAAAAAAAAAAAAAAAAAAAAAAAAAAAAAAA,60mg,1
a8bd990a-5970-4062-be63-ef3f27df47ca,,Acarbose-50mg-Tablet,70075AAAAAAAAAAAAAAAAAAAAAAAAAAAAAAA,1513AAAAAAAAAAAAAAAAAAAAAAAAAAAAAAAA,50mg,1
ca55687d-c5ed-46cc-9637-22b5c58b8e5d,,Aceclofenac-100mg-Tablet,70102AAAAAAAAAAAAAAAAAAAAAAAAAAAAAAA,1513AAAAAAAAAAAAAAAAAAAAAAAAAAAAAAAA,100mg,1
6be4e52e-58b6-4027-a81f-20459654651e,,Acetazolamide-125mg-Tablet,70125AAAAAAAAAAAAAAAAAAAAAAAAAAAAAAA,1513AAAAAAAAAAAAAAAAAAAAAAAAAAAAAAAA,125mg,1
d1e97534-d569-471a-8fe7-d83c8c23fa92,,Acetazolamide-500mg(s/r)-Capsule,70125AAAAAAAAAAAAAAAAAAAAAAAAAAAAAAA,1608AAAAAAAAAAAAAAAAAAAAAAAAAAAAAAAA,500mg(s/r),1
20767bc0-3a0d-4dd4-a5c4-451c1a6210ef,,Acetazolamide-500mg-Tablet,70125AAAAAAAAAAAAAAAAAAAAAAAAAAAAAAA,1513AAAAAAAAAAAAAAAAAAAAAAAAAAAAAAAA,500mg,1
47e41d87-96f7-4aec-b13d-83fa05300a7b,,Acetylcholine Chloride-100mg in vial-Powder for injection,70146AAAAAAAAAAAAAAAAAAAAAAAAAAAAAAA,162778AAAAAAAAAAAAAAAAAAAAAAAAAAAAAA,100mg in vial,1
896e1b6d-65ec-4943-b2f2-b58a4562ac0d,,Acetylcysteine -200mg in 10ml Ampoule-Injection,70148AAAAAAAAAAAAAAAAAAAAAAAAAAAAAAA,0aeb848d-aaa3-49d7-a1a1-f24b6a163611,200mg in 10ml Ampoule,1
850ad7be-4f97-49e7-aba6-7df0eaedb870,,Acetylsalicylic Acid-100mg-Tablet (enteric coated),f3e76623-5378-45b4-bbc0-19139e083b5e,8f519ae0-1977-4237-b6b3-ab1e4074d7b9,100mg,1
f221c0f2-cccb-4ca5-83dc-c87d929eeee4,,Acetylsalicylic Acid-500mg-Tablet( Enteric Coated),f3e76623-5378-45b4-bbc0-19139e083b5e,559899e1-16c1-4fea-af36-c993fec03055,500mg,1
bd12051f-8219-4586-8dd1-e2ff11918d55,,Anti-haemorrhoidal (Hydrocortisone + Framycetin + Cinchocaine + Esculoside)-(5mg + 10mg + 5mg  10mg)-Suppository,87ddb0ff-3114-4c58-83d9-6066210fbdd7,,(5mg + 10mg + 5mg  10mg),1
db227df1-2225-4fc3-85f8-62cedf964339,,Bisacodyl-5mg-Suppository,72223AAAAAAAAAAAAAAAAAAAAAAAAAAAAAAA,,5mg,1
3b51126f-1a71-4cb1-83d4-5b225eecd86d,,Diclofenac Sodium-12.5mg-Suppository,74782AAAAAAAAAAAAAAAAAAAAAAAAAAAAAAA,,12.5mg,1
2d22d329-6ed4-4083-8975-363dd41909c0,,Glycerin-900mg-Suppository,ec347dcd-48bf-4a7f-a2d8-6183f17f4a32,,,1
d7c2b797-8e63-4843-b19e-c655927aff69,,Indomethacin-100mg-Suppository,78010AAAAAAAAAAAAAAAAAAAAAAAAAAAAAAA,,,1
15f6a57d-df8b-4c13-bade-70cc46e6779a,,Lactated Potassium Saline (Darraw's) Soultion-(Half Strength) - Each 1000ml contains;K+ 17.5mEq -IV Infusion (Injection),2e550246-05e4-4268-9308-7576aa409aff,67284708-fac7-4f70-963c-20b715869e56,(Half Strength) - Each 1000ml contains;K+ 17.5mEq,1
3a816d8e-40cf-41d8-b38c-b22d4a5fb81a,,Methyl Prednisolone Acetate-40mg/ml in 1ml ampoule-Injection (Aqueous suspension),b4443037-3fca-4ef3-b158-9db33a8d669d,95d221f6-5071-4df2-8ed0-9fd064fb9780,40mg/ml in 1ml ampoule,1
e6949a0f-ecb0-4901-8540-883a3b7224d4,,Microbiology - Bacitracin (BC) - 10unit-10mg/ml in 10ml Ampoule-Injection,bc128d55-7f1e-476a-8c88-cac92f69236f,0aeb848d-aaa3-49d7-a1a1-f24b6a163611,10mg/ml in 10ml Ampoule,1
77fe94f9-6bda-4592-aa1d-2aef5a92723d,,Microbiology - Imipenem - 10ug-10mg/5ml in 5ml Vial-Injection with Diluent,fd8bd1a0-538f-4ce0-b089-6b73f03ff814,39b38ce5-cf30-48d7-bc47-26a86e7f6df3,10mg/5ml in 5ml Vial,1
9545ee01-caed-4c50-9fff-e75984726bb0,,Microbiology - Penicillin G - 10µg - Disc-10 Units/ml in 1ml Ampoule-Injection,739adc45-94cf-4e13-a4e3-8d6aac9abe7f,0aeb848d-aaa3-49d7-a1a1-f24b6a163611,10 Units/ml in 1ml Ampoule,1
fb508d47-c7ab-4558-8c3e-8e4192de4933,,Microbiology - Streptomycin - 10ug - Disc-100IU/ml in 10ml Vial-Injection(Suspension),8ad11c59-c08c-49a2-a9f0-e1ebeceee6d2,b0918fc0-2cca-422a-a6be-05ecbffbcdf9,100IU/ml in 10ml Vial,1
f7eaa433-6d4a-423c-a7af-5659fb5ff63b,,Microbiology - Streptomycin - 10ug - Disc-10mg/5ml in 5ml Vial-Injection,8ad11c59-c08c-49a2-a9f0-e1ebeceee6d2,0aeb848d-aaa3-49d7-a1a1-f24b6a163611,10mg/5ml in 5ml Vial,1
e864f3d2-5876-478d-be42-e94acaa09a30,,Microbiology - Tobramycin - 10µg - Disc-10 Units/ml in 1ml Ampoule-Injection,526fe669-9087-4d55-9655-af1523495d54,0aeb848d-aaa3-49d7-a1a1-f24b6a163611,10 Units/ml in 1ml Ampoule,1
030de0f5-6d6c-4de8-a003-101a962f517f,,"Neomycin Sulphate + Hydrocortisone + Polymixin B Sulphate-(3.5mg + 10mg + 10,000U)/ml-Eye Drop",e58d98b5-5fc7-49dd-92a5-944340efe66a,fef114d9-ec9b-47df-a356-97d55b45382d,"(3.5mg + 10mg + 10,000U)/ml",1
e7823758-3037-4184-9591-32529837bbcc,,Neomycin Sulphate + Polymixin B Sulphate + Dexamethasone-(3.5mg + 6000IU + 0.1%)-Eye drop (Solution),43775e8f-5d42-4129-858b-39255e5bf950,37259ae5-cbfb-4fbe-8aa3-ac62ddf9acec,(3.5mg + 6000IU + 0.1%),1
a50679a4-e1d0-48c8-9797-f94309172506,,Norethindrone (Norethisterone) + Ethinylestradiol-(0.5mg + 0.035mg)-Tablet,c690dd58-ef59-407e-945c-364fc140f7c4,1513AAAAAAAAAAAAAAAAAAAAAAAAAAAAAAAA,(0.5mg + 0.035mg),1
7a716a04-3145-48f0-94c4-162903b6ba97,,Orphenadrine Citrate + Paracetamol -25mg + 450mg-Tablet,8bd3a577-b074-4c91-a2cf-8a5f7ebc8e8f,1513AAAAAAAAAAAAAAAAAAAAAAAAAAAAAAAA,25mg + 450mg,1
5cab3133-4ea5-4acc-b887-2cd04b80c3ca,,Oxytetracycline HCL + Hydrocortisone Acetate-5mg+15mg+ 10.000 Units in each ml-Eye/Ear drop,4c13dba8-9b3c-4dd4-81a8-bbc7817e306f,f0bf4a71-e88c-450c-8542-50218f284764,5mg+15mg+ 10.000 Units in each ml,1
a9ee6525-5e6d-496f-9da8-7b34522049c9,,Oxytetracycline HCL + Hydrocortisone Acetate-(5mg + 15mg + 10.000 Units)/ml-Eye/Ear drop,4c13dba8-9b3c-4dd4-81a8-bbc7817e306f,f0bf4a71-e88c-450c-8542-50218f284764,(5mg + 15mg + 10.000 Units)/ml,1
d9c86e3b-67d0-4ff2-9b90-39ff4b584bfd,,Paracetamol-125mg-Suppository,89AAAAAAAAAAAAAAAAAAAAAAAAAAAAAAAAAA,,125mg,1
18ab3164-27b2-443b-80fd-acc96c74454d,,Peritoneal Dialysis(No.1)-Each 1000ml contains; Na+ 130-140mmol (2000ml)-IV Infusion (Injection),fd9c5a88-f35d-4bcd-abb3-e6e77eb44564,67284708-fac7-4f70-963c-20b715869e56,Each 1000ml contains; Na+ 130-140mmol (2000ml),1
a8becf8f-a6b5-4374-97e4-31b1eb8207f9,,Tetracycline-0.03-Skin Ointment,84893AAAAAAAAAAAAAAAAAAAAAAAAAAAAAAA,,,1
