Uuid,Void/Retire,Fully specified name:en,Data class,Data type,Mappings|SAME-AS,Mappings|NARROWER-THAN,_version:1,_order:1000
5fa71d0b-8d17-509f-b40c-3047018c0bba,,DAGU unit 0.4L,Units of Measure,N/A,DAGU Item:50817,,1,1000
1f91639a-b55b-539d-9099-2b8e4aed52ef,,DAGU unit 1 gm,Units of Measure,N/A,DAGU Item:50192,,1,1000
7b2919cc-ab1e-53f4-ab47-88201e0aa4bb,,DAGU unit 1 Kg,Units of Measure,N/A,DAGU Item:50014,,1,1000
4da3f949-53eb-5be9-b9d2-420a6d937a59,,DAGU unit 1 liter,Units of Measure,N/A,DAGU Item:50016,,1,1000
eecc2e7f-f60c-50a2-bce3-fece9e3ac3a4,,DAGU unit 1 Litre,Units of Measure,N/A,DAGU Item:50815,,1,1000
066d680e-4e54-515d-b23c-f4a2468baea2,,DAGU unit 1 ml,Units of Measure,N/A,DAGU Item:50017,,1,1000
be10951d-960c-5f1e-a0c4-8e9b54652535,,DAGU unit 1.3ml,Units of Measure,N/A,DAGU Item:50832,,1,1000
6c02d8bd-5a2f-5c5e-a1c5-46bb8eddd3ad,,DAGU unit 1.5ml,Units of Measure,N/A,DAGU Item:50764,,1,1000
516dd986-d659-53fb-8011-7ae137816df9,,DAGU unit 10,Units of Measure,N/A,DAGU Item:50091,,1,1000
e548761c-19fb-5c4e-ae17-5410b65bc038,,DAGU unit 10 ml,Units of Measure,N/A,DAGU Item:50007,,1,1000
b78be306-a653-586b-ab5e-e62cbcb8f132,,DAGU unit 10/box,Units of Measure,N/A,DAGU Item:51209,,1,1000
76fa89b6-ad21-5c84-8929-7119c058973c,,DAGU unit 100,Units of Measure,N/A,DAGU Item:50124,,1,1000
04dfc313-103d-5e6e-9483-ba36563e4897,,DAGU unit 100 gm,Units of Measure,N/A,DAGU Item:50003,,1,1000
05229bc3-a332-53fd-a804-51235e543afa,,DAGU unit 100 ml,Units of Measure,N/A,DAGU Item:50004,,1,1000
17d4e37e-7a24-53fa-aed3-1f46a6ff3507,,DAGU unit 1000 ml,Units of Measure,N/A,DAGU Item:50002,,1,1000
543f30bc-8a25-5eab-84ed-ea3a480b788d,,DAGU unit 1000ml,Units of Measure,N/A,DAGU Item:50761,,1,1000
dbc929ca-2a0d-51eb-8269-88455ad222da,,DAGU unit 100EXN,Units of Measure,N/A,DAGU Item:50250,,1,1000
107945a5-b217-59f9-bcaa-5c29eb7b08cd,,DAGU unit 100gm,Units of Measure,N/A,DAGU Item:50852,,1,1000
d083a94c-b0c7-5b32-a0ad-66e627dddc24,,DAGU unit 100L,Units of Measure,N/A,DAGU Item:51052,,1,1000
9b7194a6-a51e-5e26-9794-ca9c918d5a57,,DAGU unit 100ml,Units of Measure,N/A,DAGU Item:50860,,1,1000
53dc0db3-f322-5d55-ba25-b523bc636e39,,DAGU unit 10doses,Units of Measure,N/A,DAGU Item:50856,,1,1000
aa6d12ac-b53b-5546-8e20-3db9dd6ba3f3,,DAGU unit 10gm,Units of Measure,N/A,DAGU Item:50775,,1,1000
9a3f3f03-a48c-5c47-ab87-fcf0c4920f3f,,DAGU unit 10kg,Units of Measure,N/A,DAGU Item:50970,,1,1000
2fea12b3-f240-59bc-bd36-1eb54eddd053,,DAGU unit 10L,Units of Measure,N/A,DAGU Item:50877,,1,1000
3232e5e8-83e0-542c-aa85-dd3f851267ad,,DAGU unit 10ml,Units of Measure,N/A,DAGU Item:50882,,1,1000
7d15290b-7abf-5c31-8d74-66727d34deb2,,DAGU unit 10vials,Units of Measure,N/A,DAGU Item:50441,,1,1000
ffd7087a-350f-550a-a5dc-4ac43ef9d9bd,,DAGU unit 10x10,Units of Measure,N/A,DAGU Item:50125,,1,1000
f87fddfd-26fd-5714-9350-e17f9016b0ab,,DAGU unit 1200ml,Units of Measure,N/A,DAGU Item:50946,,1,1000
57c909d0-0e9b-599d-b998-1b74e914a75a,,DAGU unit 120ml,Units of Measure,N/A,DAGU Item:50848,,1,1000
9d1ca12a-f8af-50d2-8830-9485760cad8b,,DAGU unit 125 ml,Units of Measure,N/A,DAGU Item:50009,,1,1000
d718d93f-e163-5057-b7e2-ff4d070e6380,,DAGU unit 125ml,Units of Measure,N/A,DAGU Item:50969,,1,1000
de3132e4-8c4d-53e1-9d7f-f9141e50950a,,DAGU unit 12ml,Units of Measure,N/A,DAGU Item:50859,,1,1000
28cedff7-b435-503b-b4b8-1fd4bc61d8d6,,DAGU unit 130ml,Units of Measure,N/A,DAGU Item:50942,,1,1000
4b3b054d-d500-5c3f-855b-5a1727eeee27,,DAGU unit 15 gm,Units of Measure,N/A,DAGU Item:50011,,1,1000
4bad8b34-d50b-5690-befd-96d594b84a1b,,DAGU unit 15 ml,Units of Measure,N/A,DAGU Item:50012,,1,1000
1a7c7cff-421b-5e3c-bca5-a3bc2f101f07,,DAGU unit 150ml,Units of Measure,N/A,DAGU Item:50778,,1,1000
2b671778-c52c-5705-b372-240df55db790,,DAGU unit 15gm,Units of Measure,N/A,DAGU Item:50948,,1,1000
e5fdcfcb-3113-5146-8f70-ee99a5efc193,,DAGU unit 15ml,Units of Measure,N/A,DAGU Item:50858,,1,1000
bf36bac3-0efb-5312-acf5-98f92f7a605a,,DAGU unit 160ml,Units of Measure,N/A,DAGU Item:50672,,1,1000
3e1c28a3-88aa-5980-8e2e-ab65fa1e2318,,DAGU unit 175gm,Units of Measure,N/A,DAGU Item:50667,,1,1000
7a051317-3cd7-50cb-8d2c-c4f11ff68c49,,DAGU unit 175ml,Units of Measure,N/A,DAGU Item:50906,,1,1000
d80d7906-d406-5787-a624-6b7066b41f66,,DAGU unit 17ml,Units of Measure,N/A,DAGU Item:51207,,1,1000
f614b259-1318-5fa7-8174-6b55a5e8c207,,DAGU unit 180,Units of Measure,N/A,DAGU Item:51212,,1,1000
1872c67d-8599-586b-b466-c564cfbb5b5a,,DAGU unit 1gm,Units of Measure,N/A,DAGU Item:51047,,1,1000
e351042e-a0f9-5199-831f-3d4909ba687a,,DAGU unit 1Kg,Units of Measure,N/A,DAGU Item:50835,,1,1000
aa0bf0d7-aa82-5191-97ef-198eb8a669ed,,DAGU unit 1L,Units of Measure,N/A,DAGU Item:50808,,1,1000
a8a8536e-55d4-5868-ba97-1ad28a3f6989,,DAGU unit 1mg,Units of Measure,N/A,DAGU Item:578520,,1,1000
4c381252-9cfa-5b6e-8b55-e56974fe28ad,,DAGU unit 1ml,Units of Measure,N/A,DAGU Item:50772,,1,1000
397cffe6-be75-507f-9655-f9b8bccd7462,,DAGU unit 2.5kg,Units of Measure,N/A,DAGU Item:50828,,1,1000
fefdffcd-efbc-5ff0-85c6-f45c58a35605,,DAGU unit 2.5L,Units of Measure,N/A,DAGU Item:50940,,1,1000
0f812668-ac49-5d84-ba58-5a5b953384ca,,DAGU unit 2.5ml,Units of Measure,N/A,DAGU Item:50406,,1,1000
e9eacb81-72e6-52c2-967b-0571ddc85d98,,DAGU unit 2.75L,Units of Measure,N/A,DAGU Item:51211,,1,1000
670f2498-55b4-520b-a39f-04eb02e4933b,,DAGU unit 20 gm,Units of Measure,N/A,DAGU Item:50024,,1,1000
aa94f838-b337-5c65-9d71-37189ae75936,,DAGU unit 20 ml,Units of Measure,N/A,DAGU Item:50027,,1,1000
3e16baa5-4e52-5df4-8f3d-a875c300f9c1,,DAGU unit 200 doze,Units of Measure,N/A,DAGU Item:50467,,1,1000
12d1314e-f596-5f6b-9190-688e941bfa61,,DAGU unit 200 ml,Units of Measure,N/A,DAGU Item:50023,,1,1000
0f50358d-244e-5bf9-9aec-a2e96d7245ea,,DAGU unit 200gm,Units of Measure,N/A,DAGU Item:50788,,1,1000
4cfc2c4e-de33-55ed-8922-4e3a7c55b9ca,,DAGU unit 200meter dose,Units of Measure,N/A,DAGU Item:50790,,1,1000
a3f35d45-e517-5f17-8005-4ce045213148,,DAGU unit 200metered dose,Units of Measure,N/A,DAGU Item:50834,,1,1000
7068d566-3b90-56f6-baf4-95bb2d214b39,,DAGU unit 200metered doses,Units of Measure,N/A,DAGU Item:50796,,1,1000
2f799a12-40a2-5c1b-a00e-59bee1dd8eeb,,DAGU unit 200ml,Units of Measure,N/A,DAGU Item:50855,,1,1000
908be0c3-c81d-5112-9b4c-77295b990b3d,,DAGU unit 20doses,Units of Measure,N/A,DAGU Item:50963,,1,1000
d4852f55-c62c-544f-8aef-fff893c2a15b,,DAGU unit 20gm,Units of Measure,N/A,DAGU Item:50889,,1,1000
fc9b68d4-7992-5e15-8cab-fbeaf3ab19e2,,DAGU unit 20L,Units of Measure,N/A,DAGU Item:50816,,1,1000
18dd8c97-0bb5-56c8-9cad-324abafcba81,,DAGU unit 20mg,Units of Measure,N/A,DAGU Item:50934,,1,1000
281b6769-1f6f-5505-a61b-9790d3f06e74,,DAGU unit 20ml,Units of Measure,N/A,DAGU Item:50766,,1,1000
92c7f97b-4524-5b8e-99fa-8594fbbdb4fd,,DAGU unit 240 ml,Units of Measure,N/A,DAGU Item:50028,,1,1000
9b3091cc-21ec-535e-986c-00b45bc45259,,DAGU unit 240ml,Units of Measure,N/A,DAGU Item:50899,,1,1000
0bc168af-3b88-515b-a4a4-6940f41d5adc,,DAGU unit 25 gm,Units of Measure,N/A,DAGU Item:50032,,1,1000
f60ba4d5-841b-586e-be49-ba64e15cc9bf,,DAGU unit 25 ml,Units of Measure,N/A,DAGU Item:50033,,1,1000
0e9bc9b4-4cc8-5507-bd3f-4ba04058d666,,DAGU unit 250 gm,Units of Measure,N/A,DAGU Item:50029,,1,1000
2addb2b7-aecb-51c4-8797-74c9d72b3802,,DAGU unit 250 ml,Units of Measure,N/A,DAGU Item:50031,,1,1000
a86a8893-bceb-542b-b516-24eab625aa96,,DAGU unit 250gm,Units of Measure,N/A,DAGU Item:50765,,1,1000
0402ef10-615c-55e4-a600-327cb33669c0,,DAGU unit 250ml,Units of Measure,N/A,DAGU Item:50893,,1,1000
8ea1ba05-a980-5804-8151-6b2cee7ec39f,,DAGU unit 25gm,Units of Measure,N/A,DAGU Item:50872,,1,1000
7fa4af8f-7882-518a-b0dc-689f79f8ac1c,,DAGU unit 25ml,Units of Measure,N/A,DAGU Item:50851,,1,1000
af4995f4-09da-5f59-86ee-0eb59250b71a,,DAGU unit 29ml,Units of Measure,N/A,DAGU Item:50878,,1,1000
cafa1bbe-c251-540e-88f9-e88314f158a3,,DAGU unit 2L,Units of Measure,N/A,DAGU Item:51267,,1,1000
91b05ab0-6ecc-5df3-b18c-ad2e764c2bd4,,DAGU unit 2ml,Units of Measure,N/A,DAGU Item:50798,,1,1000
45fddacb-94de-5e94-9186-2ca5753d4f46,,DAGU unit 2x2x1ml,Units of Measure,N/A,DAGU Item:51210,,1,1000
5e59e1b4-2413-5c22-8406-8f2c99136ad0,,DAGU unit 3.0ML*6,Units of Measure,N/A,DAGU Item:560683,,1,1000
e83285b5-38f2-5c6e-8585-84e80553a3a7,,DAGU unit 3.3ml,Units of Measure,N/A,DAGU Item:51150,,1,1000
06d6e8bd-ade8-546c-a36e-1374b02bca9e,,DAGU unit 3.5gm,Units of Measure,N/A,DAGU Item:50975,,1,1000
40cd71f0-f49f-5f14-87de-1a40bd10b995,,DAGU unit 3.5ml,Units of Measure,N/A,DAGU Item:50763,,1,1000
7c90153e-a100-5341-8280-e15a225528b6,,DAGU unit 3.8L,Units of Measure,N/A,DAGU Item:50771,,1,1000
516a4f4c-eedf-5e0e-905e-063a1bb7f8ea,,DAGU unit 30 gm,Units of Measure,N/A,DAGU Item:50040,,1,1000
cfcea7b2-7785-5f48-8ae3-33c70aca5786,,DAGU unit 30 ml,Units of Measure,N/A,DAGU Item:50042,,1,1000
5bdf1140-1b76-5be4-9d59-7f0f843d718f,,DAGU unit 300ml,Units of Measure,N/A,DAGU Item:50895,,1,1000
ad47c3e5-395a-521e-9e82-8ffcb1550934,,DAGU unit 30gm,Units of Measure,N/A,DAGU Item:50871,,1,1000
c0d7cca4-8802-591d-a383-b26dece9d9c9,,DAGU unit 30ml,Units of Measure,N/A,DAGU Item:50847,,1,1000
3530fc10-55cf-5d94-ab5a-5df662f19636,,DAGU unit 35ml,Units of Measure,N/A,DAGU Item:50398,,1,1000
adf23fd3-1002-52bb-93ed-a2a84fcf6da5,,DAGU unit 3ml,Units of Measure,N/A,DAGU Item:50799,,1,1000
e8ae8859-8262-5efd-9e26-424c5dffa21c,,DAGU unit 4 ml,Units of Measure,N/A,DAGU Item:50055,,1,1000
67e842cd-cde5-50e7-a94b-1f38ab4a574f,,DAGU unit 4.5 kg,Units of Measure,N/A,DAGU Item:50047,,1,1000
8cc483ba-3cfd-57e9-8bfa-188add5add0a,,DAGU unit 4.5gm,Units of Measure,N/A,DAGU Item:50870,,1,1000
7e61ed33-751c-5e33-a4d0-13d4a3a17bff,,DAGU unit 4.5kg,Units of Measure,N/A,DAGU Item:50968,,1,1000
d230cc49-c00c-519f-a9de-eac137807c4a,,DAGU unit 4.5ml,Units of Measure,N/A,DAGU Item:50857,,1,1000
68c9d7d7-724e-5aca-a4db-abae45f13fad,,DAGU unit 400ml,Units of Measure,N/A,DAGU Item:50769,,1,1000
4e761012-1436-5ae8-be75-129c69df8bfd,,DAGU unit 40gm,Units of Measure,N/A,DAGU Item:50923,,1,1000
5586401c-940f-56e1-baab-e2e1c8a00ee4,,DAGU unit 40mg,Units of Measure,N/A,DAGU Item:50801,,1,1000
dd52b139-ff1a-5bc7-b667-e2e011a78ce0,,DAGU unit 40ml,Units of Measure,N/A,DAGU Item:50650,,1,1000
244be419-6488-5cda-801f-e4180d5df9a8,,DAGU unit 4gm,Units of Measure,N/A,DAGU Item:50958,,1,1000
060abb30-d649-5411-ae73-41229ed3938b,,DAGU unit 4ml,Units of Measure,N/A,DAGU Item:50787,,1,1000
edfca179-fe20-50e0-ba0c-ab617099cf70,,DAGU unit 4x1.5ml,Units of Measure,N/A,DAGU Item:51208,,1,1000
eb01e943-6326-57c8-9e68-5e1b1311dc6c,,DAGU unit 5,Units of Measure,N/A,DAGU Item:50088,,1,1000
f667da51-4ef3-5085-b592-b61e9b9c9ce7,,DAGU unit 5 gm,Units of Measure,N/A,DAGU Item:50062,,1,1000
c771ad2b-6931-5200-8e6f-c8fc7e550a0b,,DAGU unit 5 kg,Units of Measure,N/A,DAGU Item:50215,,1,1000
e7ab13ff-eeb1-549f-8795-de1684a05870,,DAGU unit 5 ml,Units of Measure,N/A,DAGU Item:50064,,1,1000
c445ce9d-99b9-5410-9804-9ae5bcf192da,,DAGU unit 5.1L,Units of Measure,N/A,DAGU Item:50873,,1,1000
1cdfe178-920f-5498-a10e-c04f8a247f07,,DAGU unit 50,Units of Measure,N/A,DAGU Item:50115,,1,1000
63d589bf-41ec-5ccb-9e67-33548dfcc0c4,,DAGU unit 500 gm,Units of Measure,N/A,DAGU Item:50058,,1,1000
48e8daaf-1286-528d-8abd-0cd04770edd1,,DAGU unit 500 ml,Units of Measure,N/A,DAGU Item:50059,,1,1000
9710cab4-a211-581f-8f99-651c9440f8ca,,DAGU unit 500gm,Units of Measure,N/A,DAGU Item:50444,,1,1000
505da39d-2c97-5b39-861b-c959f28a84af,,DAGU unit 500mg,Units of Measure,N/A,DAGU Item:50833,,1,1000
e769ca3a-210f-556c-8f67-e987e6c779c0,,DAGU unit 500ml,Units of Measure,N/A,DAGU Item:50902,,1,1000
9ecc88ef-cd59-55f7-bb33-9d0dda4854e7,,DAGU unit 500MLX2,Units of Measure,N/A,DAGU Item:561846,,1,1000
0e699a54-9aed-58b0-8c77-18b598a42702,,DAGU unit 50discs,Units of Measure,N/A,DAGU Item:50912,,1,1000
64e355d6-3f00-56f5-8f60-cd4d2bfc698a,,DAGU unit 50gm,Units of Measure,N/A,DAGU Item:50861,,1,1000
5d395939-ca3a-5e55-b486-efba5931fe64,,DAGU unit 50mg,Units of Measure,N/A,DAGU Item:50874,,1,1000
83bac1f2-4c82-5ec8-b378-25458a3d2d1a,,DAGU unit 50ml,Units of Measure,N/A,DAGU Item:50829,,1,1000
45f478ac-11d7-51fe-a1a8-19b5fbd2a0f8,,DAGU unit 5gm,Units of Measure,N/A,DAGU Item:50780,,1,1000
0fa208a5-1c32-5cc3-aa2e-733cc2f62886,,DAGU unit 5L,Units of Measure,N/A,DAGU Item:50767,,1,1000
13891ce9-68d8-515b-9f07-f6101d35bed8,,DAGU unit 5ml,Units of Measure,N/A,DAGU Item:50947,,1,1000
efbdb985-3233-5579-8fe2-3942dd1d1d47,,DAGU unit 600ml,Units of Measure,N/A,DAGU Item:50803,,1,1000
085cf260-0a36-5819-baf6-030a47e5945d,,DAGU unit 60ml,Units of Measure,N/A,DAGU Item:50886,,1,1000
c58338eb-e082-597c-aec2-86b3deae5175,,DAGU unit 7.5ml,Units of Measure,N/A,DAGU Item:50674,,1,1000
fc6b5aa2-5dc4-59b4-860c-b3ab5fa5220e,,DAGU unit 70ml,Units of Measure,N/A,DAGU Item:50973,,1,1000
8f7f3b22-5007-50a5-8fd5-9be5b21e6b80,,DAGU unit 75gm,Units of Measure,N/A,DAGU Item:50587,,1,1000
69c31e83-469d-5828-9e17-2147041f2907,,DAGU unit 75ml,Units of Measure,N/A,DAGU Item:51131,,1,1000
4dc9eed3-764b-5746-b54e-160c6b1b6a8b,,DAGU unit 800gm,Units of Measure,N/A,DAGU Item:51037,,1,1000
1440e8b5-264b-56bc-aad1-436782c1e65b,,DAGU unit 80ml,Units of Measure,N/A,DAGU Item:50960,,1,1000
5bb0b1e5-ae97-5121-a0b8-795a1133ffc5,,DAGU unit 82gm,Units of Measure,N/A,DAGU Item:50916,,1,1000
3e02ad4f-8dca-5ac3-bae6-724b37a50af5,,DAGU unit 90ml,Units of Measure,N/A,DAGU Item:51040,,1,1000
919609a3-bf9a-591f-b47c-79b1e6d54e24,,DAGU unit 960ml,Units of Measure,N/A,DAGU Item:50460,,1,1000
34f0ecc7-92e3-56dd-b8d6-a76deaa77b39,,DAGU unit Dose,Units of Measure,N/A,DAGU Item:379668;DAGU Item:50797,,1,1000
dda04478-f617-58b2-a236-2fa46d8fe3f1,,DAGU unit Test,Units of Measure,N/A,DAGU Item:50652,,1,1000
162335AAAAAAAAAAAAAAAAAAAAAAAAAAAAAA,,Ampule(s),Units of Measure,N/A,CIEL:162335;SNOMED CT:413516001;DAGU Item:50071,,1,1000
162395AAAAAAAAAAAAAAAAAAAAAAAAAAAAAA,,Bag,Misc,N/A,SNOMED CT:428672001;CIEL:162395;DAGU Item:50174,,1,1000
162351AAAAAAAAAAAAAAAAAAAAAAAAAAAAAA,,Bar,Units of Measure,N/A,SNOMED CT:428003006;CIEL:162351;DAGU Item:50700,,1,1000
162353AAAAAAAAAAAAAAAAAAAAAAAAAAAAAA,,Bottle,Units of Measure,N/A,SNOMED CT:419672006;CIEL:162353;DAGU Item:50239,,1,1000
162396AAAAAAAAAAAAAAAAAAAAAAAAAAAAAA,,Box,Misc,N/A,CIEL:162396;SNOMED CT:418445004;DAGU Item:50175,,1,1000
162397AAAAAAAAAAAAAAAAAAAAAAAAAAAAAA,,Cartridge,Misc,N/A,CIEL:162397;DAGU Item:231511,SNOMED CT:408102007,1,1000
8b08c9c4-19bc-4003-828c-df8e1d03dba4,,Dozen,Units of Measure,N/A,DAGU Item:50095,,1,1000
162399AAAAAAAAAAAAAAAAAAAAAAAAAAAAAA,,Each,Misc,N/A,CIEL:162399;SNOMED CT:419473009;DAGU Item:50072,,1,1000
162401AAAAAAAAAAAAAAAAAAAAAAAAAAAAAA,,Kit,Misc,N/A,CIEL:162401;SNOMED CT:419179001;DAGU Item:50074,,1,1000
1514AAAAAAAAAAAAAAAAAAAAAAAAAAAAAAAA,,Packets,Misc,N/A,CIEL:1514;SNOMED CT:419888008;DAGU Item:50076,,1,1000
d8a9101d-f0db-43e3-a214-b22f1e84ec16,,Pair,Units of Measure,N/A,DAGU Item:50084,,1,1000
c81a3391-21c1-4412-b64e-5de01ae0e2d0,,Piece,Units of Measure,N/A,DAGU Item:50465;DAGU Item:50077,,1,1000
162373AAAAAAAAAAAAAAAAAAAAAAAAAAAAAA,,Ring pessary,Units of Measure,N/A,CIEL:162373;SNOMED CT:336782009;DAGU Item:51203,,1,1000
63ebad7f-4b75-49cc-9995-83a08bf8054a,,Roll,Units of Measure,N/A,DAGU Item:50078,,1,1000
b7058062-a3e7-42d4-b57d-81fcdeee74c4,,Sachet,Units of Measure,N/A,DAGU Item:50079,,1,1000
4f6bb229-9bf5-4338-9901-343f73d8fb4c,,Set,Units of Measure,N/A,DAGU Item:50080,,1,1000
162377AAAAAAAAAAAAAAAAAAAAAAAAAAAAAA,,Syringe,Units of Measure,N/A,CIEL:162377;SNOMED CT:61968008;DAGU Item:50644,,1,1000
162380AAAAAAAAAAAAAAAAAAAAAAAAAAAAAA,,Tube,Units of Measure,N/A,CIEL:162380;SNOMED CT:418530008;DAGU Item:50081,,1,1000
162382AAAAAAAAAAAAAAAAAAAAAAAAAAAAAA,,Vial,Units of Measure,N/A,CIEL:162382;SNOMED CT:415818006;DAGU Item:50082,,1,1000
