Uuid,Void/Retire,Same as mappings,Fully specified name:en,Short name:en,Description:en,Data class,Data type,Answers,Members,_version:8,_order:1
3248528a-079b-46a3-85f8-0d28183727cb,,,Orphans and vulnerable children,OVC,Orphans and vulnerable children as HIV prevention target population,Finding,N/A,,,1,1
6e9e044e-e55e-44f5-8c4e-28a264cb9b77,,,Children of people living with HIV,Children of PLHIV,Biological children of a parent living with HIV as target population,Finding,N/A,,,1,1
89841663-c7c8-4aa2-a9c6-cb4a265fbced,,,Known or likely cause of CKD,,Known or likely cause of condition,Question,Coded,d6ec1058-6e4b-4b9e-a87b-e9d9ec0eb070;c8a09cc0-6984-5b65-b2e3-645a9453f278;b5af80be-698f-45a2-905a-538d8a1f08ec,,2,2
b4222c91-c99a-420b-bfe6-b0719cd93c0a,,,HIV prevention target population category,Target population,Target population categories for HIV testing or prevention program,Question,Coded,160579AAAAAAAAAAAAAAAAAAAAAAAAAAAAAA;162198AAAAAAAAAAAAAAAAAAAAAAAAAAAAAA;9ace0312-2200-40c3-ac68-93f48c132988;162277AAAAAAAAAAAAAAAAAAAAAAAAAAAAAA;3248528a-079b-46a3-85f8-0d28183727cb;6e9e044e-e55e-44f5-8c4e-28a264cb9b77;a1c83cfe-bc4d-4b81-b7b1-a594d43aa4c1;5622AAAAAAAAAAAAAAAAAAAAAAAAAAAAAAAA;164928AAAAAAAAAAAAAAAAAAAAAAAAAAAAAA,,1,1
1a2b3c4d-5e6f-7890-abcd-ef1234567890,,,Chief Complaint for Triage Notes,Chief Complaint for Triage N,Additional notes and details about the patient's chief complaint,Question,Text,,,1,1
0939ac62-6494-45f6-a1a7-2efc373924bb,,,Triage referral attachment,,Uploaded referral document or file.,Misc,Complex,,,1,1
b997078c-1614-46bd-89ba-202988064651,,,Newborn complications observed,Newborn Complications,Newborn Complications,Question,Coded,1065AAAAAAAAAAAAAAAAAAAAAAAAAAAAAAAA;1066AAAAAAAAAAAAAAAAAAAAAAAAAAAAAAAA;5e09f336-8ed1-4c39-b6d8-95925469bffc;a60de0d2-ddd3-431a-87d9-b117da4a2494;39f9101f-791f-4558-bb26-616251283bd8;a76118c6-f3fb-4bf9-a374-50136a2564a3;60600744-cb4d-4d85-b0a4-9dded5240494;bade3381-08b2-45d8-ac46-b1fbdb0ebd98;5622AAAAAAAAAAAAAAAAAAAAAAAAAAAAAAAA,,1,1
c3082af8-f935-40c5-aa5b-74c684e81aea,,,Drug Name,,Free-text drug name (medication administration record),Question,Text,,,1,3
b2a7a658-9f01-4b23-e567-8901234ef012,,,Other extrapulmonary TB site,Other extrapulmonary site,Free-text: specify other extrapulmonary TB site,Question,Text,,,1,3
89841663-c7c8-4aa2-a9c6-cb4a265fbced,,,Known or likely cause of CKD,,,Question,Coded,dbb84962-8aa9-4d7a-806d-d1d1b356d1fb;d6ec1058-6e4b-4b9e-a87b-e9d9ec0eb070;c8a09cc0-6984-5b65-b2e3-645a9453f278;b5af80be-698f-45a2-905a-538d8a1f08ec,,1,3
818757cc-9250-4325-b386-a9080b8a0cbd,,,Respiratory depth,Resp depth,Qualitative respiratory depth.,Question,Coded,c6d7e8f9-081f-4ca9-2734-ef0123456780;b5c6d7e8-f70e-4b98-1623-def01234567f,,1,2
7224fbf9-de14-466d-b330-e24864feaa26,,,Tuberculosis intake chief symptom,TB intake symptom,Primary tuberculosis-related symptom or complaint selected at intake visit,Question,Coded,140238AAAAAAAAAAAAAAAAAAAAAAAAAAAAAA;5622AAAAAAAAAAAAAAAAAAAAAAAAAAAAAAAA;5006AAAAAAAAAAAAAAAAAAAAAAAAAAAAAAAA;832AAAAAAAAAAAAAAAAAAAAAAAAAAAAAAAAA;5957AAAAAAAAAAAAAAAAAAAAAAAAAAAAAAAA;150915AAAAAAAAAAAAAAAAAAAAAAAAAAAAAA;7b390a5a-320a-4c48-81eb-a400d1d28f08;88492f77-c6d1-48e9-850a-1f87ebe7b3b8;133027AAAAAAAAAAAAAAAAAAAAAAAAAAAAAA;cc2d3e4f-5061-4723-9b01-c2345678bb02;120749AAAAAAAAAAAAAAAAAAAAAAAAAAAAAA,,2,2
1361fba1-17d3-4ce3-bd14-185062f1691c,,,Cervical screening comorbid risk factors,Risk factors,Selected comorbid risk factors documented at cervical screening,Question,Coded,117399AAAAAAAAAAAAAAAAAAAAAAAAAAAAAA;119481AAAAAAAAAAAAAAAAAAAAAAAAAAAAAA;7aaf76d6-ae01-4930-870b-387f633173bd;9ddbec10-a4a3-4794-b7c8-1592570e2305;9877103b-2974-4ae8-afb8-375c16140027,,1,1
f823fb62-2e38-425e-8e7a-5515db0dfa57,,,Motor Skills,,Motor Skills,Question,Coded,c5443c8e-5829-49bc-b8f3-71523709745e;159405AAAAAAAAAAAAAAAAAAAAAAAAAAAAAA;159406AAAAAAAAAAAAAAAAAAAAAAAAAAAAAA;159407AAAAAAAAAAAAAAAAAAAAAAAAAAAAAA,,1,1
058f71c4-f23b-40ee-bef7-20254d34d5b0,,,Cervical cytology result category,Cytology result,Interpreted cervical cytology result category,Question,Coded,664AAAAAAAAAAAAAAAAAAAAAAAAAAAAAAAAA;9e486cdf-75c4-417f-9d3b-d9f7c2580faa;f639aa78-da8d-48de-a6e6-26f5df70770e,,1,1
993530dd-deff-4217-83d0-9576516b5f32,,,Diabetes comorbidities,DI comorbidities,Checkbox list of comorbid conditions recorded during diabetes intake assessment,Question,Coded,117399AAAAAAAAAAAAAAAAAAAAAAAAAAAAAA;7aaf76d6-ae01-4930-870b-387f633173bd;89710602-8f61-4ff3-aa63-6113b3b815d9;115115AAAAAAAAAAAAAAAAAAAAAAAAAAAAAA;139069AAAAAAAAAAAAAAAAAAAAAAAAAAAAAA;145438AAAAAAAAAAAAAAAAAAAAAAAAAAAAAA,,1,2
ba16b8dc-8127-4d58-baf2-66081b84bd54,,,Cervical biopsy histology result,Biopsy result,Histopathology interpretation of cervical biopsy,Question,Coded,1118AAAAAAAAAAAAAAAAAAAAAAAAAAAAAAAA;664AAAAAAAAAAAAAAAAAAAAAAAAAAAAAAAAA;cd869384-9667-5168-a730-abeefade762e;5f3d5d8e-9a26-445b-9d19-596f412249c6;ab3efcd2-5c43-4a78-bdc6-9b228d91cb4a;5622AAAAAAAAAAAAAAAAAAAAAAAAAAAAAAAA,,1,1
4ed3449c-4998-4c8a-8374-e7ba00423a9f,,,Diabetes mellitus type,DM type,Question asking whether the patient has Type 1 or Type 2 diabetes mellitus,Question,Coded,1bdcf04f-f817-43d5-ab0d-5eb7e2d7baed;ff78551f-5131-4a7c-b39e-202fffa22787,,1,2
68788990-0112-8904-2348-c78a01234567,,,Black Triage Category,Black Triage,Deceased or expectant triage category,Question,Coded,6b6ac4cd-923f-5888-a62b-695f9ecd6237,,1,1
2df0fb84-1367-4cc5-95ed-0991be7ffd99,,,Pulse strength,,Qualitative pulse strength.,Question,Coded,78696882-91bd-43b1-b86f-c83b7e7f1c44;750c7a46-03f0-4cba-aa58-f5dc0efca955,,1,2
45960718-9203-1234-5678-901234890123,,,Postpartum ART Status,Postpartum Status,Question asking about antiretroviral therapy status during postpartum period,Question,Coded,1662AAAAAAAAAAAAAAAAAAAAAAAAAAAAAAAA;38293041-2536-4567-8901-234567123456;49304152-3647-5678-9012-345678234567;50415263-4758-6789-0123-456789345678;61526374-5869-7890-1234-567890456789;6b6ac4cd-923f-5888-a62b-695f9ecd6237,,1,2
5d0c0685-a166-4bd9-95ad-75cced418761,,,Chief complaint set,Chief complaint,Grouping concept for a chief complaint and its notes.,ConvSet,N/A,,5219AAAAAAAAAAAAAAAAAAAAAAAAAAAAAAAA;1a2b3c4d-5e6f-7890-abcd-ef1234567890,1,2
fc6d2e17-4dcc-4d13-819f-488e4913272c,,,New patient diabetes suspicion symptoms,DI suspicion symptoms,Checkbox list of presenting symptoms that suggest a possible new diabetes diagnosis in a new patient,Question,Coded,147241AAAAAAAAAAAAAAAAAAAAAAAAAAAAAA;147104AAAAAAAAAAAAAAAAAAAAAAAAAAAAAA;07223db7-4424-4082-bf86-dd5093bca69f;5e2cbbd4-4752-4c8f-9a2c-ec029cea2984;832AAAAAAAAAAAAAAAAAAAAAAAAAAAAAAAAA,,1,2
16071829-0314-2345-6789-012345901234,,,Antepartum ART Status,Antepartum Status,Question asking about antiretroviral therapy status during antepartum period,Question,Coded,1662AAAAAAAAAAAAAAAAAAAAAAAAAAAAAAAA;38293041-2536-4567-8901-234567123456;49304152-3647-5678-9012-345678234567;50415263-4758-6789-0123-456789345678;61526374-5869-7890-1234-567890456789;6b6ac4cd-923f-5888-a62b-695f9ecd6237,,1,2
70566778-8990-6782-0126-4f5678abcde0,,,Triage Color Result,Triage Color,Final triage color category assigned to patient,Question,Coded,25899001-1223-9015-3459-9456789abcde;47011223-3445-1237-5671-b6789abcdef0;60900112-2334-0126-4560-4f0123456789;66566778-8990-6782-0126-a5678a012345;68788990-0112-8904-2348-c78a01234567,,1,2
1cfad561-a4b2-42b1-8b5b-7402f3f81d5e,,,Want to get pregnant for LAFP removal,Want pregnancy,Patient wants to get pregnant as reason for LAFP removal,Finding,N/A,,,1,1
4cf6d9a6-fd74-4978-b3db-12a50c1124c3,,,Breast skin involvement on examination,Breast skin involvement,Skin changes overlying the breast on clinical examination,Question,Coded,51d70167-c82e-47f6-93e4-b285bd8cf99d;8533f6c9-5f62-55a0-bdbb-52ca214f43c3;f5e87eb7-e1de-4096-9186-7fa40ad4fe47,,1,1
55dc7075-2719-404d-ba87-5750238a1d0c,,,Colposcopy examination impression,Colposcopy finding,Colposcopic impression of cervical epithelium,Question,Coded,1115AAAAAAAAAAAAAAAAAAAAAAAAAAAAAAAA;a5574864-4cf2-4e00-8376-553d2dee9620;63b611c7-3944-4a38-88da-6e1583069677,,1,1
7573565b-d0a4-4c55-aacc-45b4e28c7e72,,,Diagnosis category for post abortion encounter,PAC diagnosis category,Coded diagnosis category for the post abortion clinical encounter,Question,Coded,26cff2c7-ab74-46fd-8555-e01455e7d871;164823AAAAAAAAAAAAAAAAAAAAAAAAAAAAAA;134100AAAAAAAAAAAAAAAAAAAAAAAAAAAAAA;5622AAAAAAAAAAAAAAAAAAAAAAAAAAAAAAAA,,1,1
c0a51001-0000-4000-8000-000000000001,,,Family planning removal register record number,FP removal record no.,Medical record number (long-acting FP removal register),Question,Text,,,1,4
c0a51001-0000-4000-8000-000000000002,,,Family planning removal register remarks,FP removal remarks,Free-text remark (long-acting FP removal follow-up),Question,Text,,,1,4
c0a51001-0000-4000-8000-000000000003,,,Past medical history narrative,PMH narrative,Free-text past medical history narrative,Question,Text,,,1,4
c0a51001-0000-4000-8000-000000000004,,,Chief complaint category,CC category,Triage chief complaint (coded); answers are existing symptom concepts,Question,Coded,120749AAAAAAAAAAAAAAAAAAAAAAAAAAAAAA;4ad696eb-4426-4cf7-948b-48ef70a7749d;160689AAAAAAAAAAAAAAAAAAAAAAAAAAAAAA;142412AAAAAAAAAAAAAAAAAAAAAAAAAAAAAA;140238AAAAAAAAAAAAAAAAAAAAAAAAAAAAAA;139084AAAAAAAAAAAAAAAAAAAAAAAAAAAAAA;151AAAAAAAAAAAAAAAAAAAAAAAAAAAAAAAAA;f6fdeddf-1888-49eb-bc91-b05fb13105a6;3faf0630-c208-4b15-8ba1-ca94585b6d52;ac87d80e-0c6b-5b79-b274-bfa75809467d;6386672b-1a48-53cf-9619-6620b5088ca9;c9520082-199d-42f7-9d97-8fe1c5760aff;bb20207d-9776-4749-b1c7-760b2afeb3e4;b6c7e832-6ac3-42fa-9886-eb3213e90a89;61587f91-8a80-4359-a91c-8264be4ac3d1;dab2cb8a-f42f-46a6-9a98-dbe9d0a8b21a;d1bb1ba2-c7f8-43cf-ac13-46ef76b9800e,,1,4
b4222c91-c99a-420b-bfe6-b0719cd93c0a,,,HIV prevention target population category,Target population,Target population categories for HIV testing or prevention program,Question,Coded,160579AAAAAAAAAAAAAAAAAAAAAAAAAAAAAA;162198AAAAAAAAAAAAAAAAAAAAAAAAAAAAAA;9ace0312-2200-40c3-ac68-93f48c132988;162277AAAAAAAAAAAAAAAAAAAAAAAAAAAAAA;a1c83cfe-bc4d-4b81-b7b1-a594d43aa4c1;5622AAAAAAAAAAAAAAAAAAAAAAAAAAAAAAAA;164928AAAAAAAAAAAAAAAAAAAAAAAAAAAAAA;3248528a-079b-46a3-85f8-0d28183727cb;6e9e044e-e55e-44f5-8c4e-28a264cb9b77,,1,1
5d0c0685-a166-4bd9-95ad-75cced418761,,,Chief complaint set,,Obs-group container for the triage chief complaint (category + notes),ConvSet,N/A,,5219AAAAAAAAAAAAAAAAAAAAAAAAAAAAAAAA;1a2b3c4d-5e6f-7890-abcd-ef1234567890,1,2
c53f3504-7b38-488c-adbc-af59a169f3f4,,,Confirmed or suspected opportunistic infections,Confirmed / Suspected OIs,Confirmed / Suspected OIs,Question,Coded,21384cfc-a459-4852-b50c-fd65d006b758;e94ab113-9757-4afd-be39-dee8770429e3;e23bfae9-63b6-4e8a-8afa-8ceb0308fda9;f423a64e-9821-425f-9d8a-c0df10dcba97;b0ae6879-c107-4a1f-abdb-529264e6534a;66f56c86-f437-4835-9da2-0255cfb5c20a;3f105b1c-c8fd-4ee0-a3b1-1bcbbd57c366;56f25c40-fdd7-46bf-8c35-9b47129144bf;5ec51542-6a40-4f25-8654-6af7628002a9,,1,1
