Uuid,Void/Retire,Same as mappings,Fully specified name:en,Short name:en,Description:en,Data class,Data type,Answers,Members,_version:3,_order:1
d8176d1b-1234-11ee-be56-0242ac120002,,,Adult OPD,,Adult Outpatient Department service,Misc,Coded,,,1,2
d8176d1b-1234-11ee-be56-0242ac120003,,,Pediatric OPD,,Pediatric Outpatient Department service,Misc,Coded,,,1,3
d8176d1b-1234-11ee-be56-0242ac120004,,,ART,,Antiretroviral Therapy service,Misc,Coded,1065AAAAAAAAAAAAAAAAAAAAAAAAAAAAAAAA;1066AAAAAAAAAAAAAAAAAAAAAAAAAAAAAAAA,,1,4
d8176d1b-1234-11ee-be56-0242ac120005,,,ANC,,"Answer option denoting the antenatal care clinic as the service point, for example where HIV testing was performed.",Misc,Coded,,,1,5
d8176d1b-1234-11ee-be56-0242ac120006,,,Dental department,Dental,Answer option denoting the dental department as the requested service or treating unit.,Misc,Coded,,,1,6
d8176d1b-1234-11ee-be56-0242ac120007,,,Dermatology,,Answer option denoting the dermatology service as the requested service or treating unit.,Misc,Coded,,,1,7
d8176d1b-1234-11ee-be56-0242ac120008,,,Orthopedic Clinic,Ortho Clinic,Orthopedic Specialty Clinic service,Misc,Coded,,,1,8
d8176d1b-1234-11ee-be56-0242ac120009,,,Neuro Clinic,,Neurosurgical Specialist Clinic service,Misc,Coded,,,1,9
d8176d1b-1234-11ee-be56-0242ac120010,,,Medical Ward,,Answer option denoting the medical ward as the requested service or treating unit.,Misc,Coded,,,1,10
d8176d1b-1234-11ee-be56-0242ac120011,,,Pediatrics Ward,Peds Ward,Pediatrics Ward inpatient service,Misc,Coded,,,1,11
d8176d1b-1234-11ee-be56-0242ac120012,,,OBS Ward,,Obstetrics Ward inpatient service,Misc,Coded,,,1,12
d8176d1b-1234-11ee-be56-0242ac120013,,,ICU,,Intensive Care Unit service,Misc,Coded,,,1,13
d8176d1b-1234-11ee-be56-0242ac120014,,,NICU,,Neonatal Intensive Care Unit service,Misc,Coded,,,1,14
d8176d1b-1234-11ee-be56-0242ac120015,,,Surgery,,Surgical Ward inpatient service,Misc,Coded,,,1,15
d8176d1b-1234-11ee-be56-0242ac120016,,,Major Surgery,,Major Operating Room service,Misc,Coded,,,1,16
d8176d1b-1234-11ee-be56-0242ac120017,,,Minor Surgery,,Minor Operating Room service,Misc,Coded,,,1,17
f47a4002-1a2b-4c3d-8e4f-100400400201,,,Pre-Anesthesia Evaluation,Pre-Anesthesia Eval,Records the patient's attendance at or referral to the pre-anesthesia evaluation service for fitness assessment before surgery.,Misc,Coded,,,1,18
