Uuid,Void/Retire,Same as mappings,Fully specified name:en,Short name:en,Description:en,Data class,Data type,Answers,Members,_version:4,_order:1
009e9669-45ee-400d-b8e3-084129b30227,,,Hepatitis C antiviral regimen category,HCV regimen,Selected direct-acting antiviral regimen for hepatitis C treatment in the register.,Question,Coded,3654dc4f-c8ca-584d-a0ab-23079a74d368;2bb831f9-ae1b-4a29-9d83-b0ad928b562e;d264419e-e0b9-4c8c-98b6-3701e965dfce;7a96ad3d-099a-4f46-a672-cecc67cd5a69;d6f5688b-7260-4eb2-aa57-cfe90a67cf0d;5622AAAAAAAAAAAAAAAAAAAAAAAAAAAAAAAA,,1,1
01122334-4556-4ab7-b901-c6d7e8f90112,,,Final tuberculosis diagnosis classification,Final TB diagnosis,Final tuberculosis diagnostic classification for contact screening encounter.,Question,Coded,164412AAAAAAAAAAAAAAAAAAAAAAAAAAAAAA;164413AAAAAAAAAAAAAAAAAAAAAAAAAAAAAA;12233445-5667-4bc8-ca12-d7e8f9011223;d4e5f607-1829-4dab-ce34-f5670a1b2c23;23344556-6778-4cd9-db23-e8f901122334,,1,1
012345cd-5667-4456-abcd-567890123478,,,Artemether-lumefantrine with single low-dose primaquine,ACT+SLDPQ,Treatment of artemether-lumefantrine plus single low-dose primaquine for malaria,Finding,N/A,,,1,1
04152637-4859-440a-c51b-6c7d8e9f0a1b,,,Direct agglutination test result for leishmaniasis,DAT result,Result of direct agglutination test for leishmaniasis.,Question,Coded,703AAAAAAAAAAAAAAAAAAAAAAAAAAAAAAAAA;664AAAAAAAAAAAAAAAAAAAAAAAAAAAAAAAAA;37485960-7182-473d-f84e-9f0a1b2c3d4e,,1,1
04748596-0718-440a-e51b-829304152637,,,Lesion size category,Lesion size,Size category for lesions in cutaneous disease assessment.,Question,Coded,15859607-1829-451b-f62c-930415263748;26960718-2930-462c-a73d-041526374859,,1,1
0578129a-34bc-4de5-e067-89abcdef0123,,,Deworming dose one date,Deworming dose 1 date,Date when first deworming dose was administered in the register period.,Question,Date,,,1,1
05cbbc4c-8989-4665-95f9-d37d78ffa5ad,,,Chronic liver disease stage at HCV care baseline,Liver stage baseline,"Liver disease severity category at HCV treatment baseline, aligned to common register language (no cirrhosis, compensated cirrhosis, decompensated cirrhosis, HCC).",Question,Coded,924b36a2-4d0e-414b-a437-5a224e9360eb;814b128e-31fe-4d23-a50a-ff7752c92adc;30190f8d-55f4-5b17-b96c-77c441f38120;a67c14de-1ba9-4d07-8bcf-7a84361dfef3,,1,1
05f87410-9b46-4d74-8899-a5b080143e24,,,HCV register follow-up status code 4,HCV FU 4,Fourth local coded follow-up status for hepatitis C treatment register.,Finding,N/A,,,1,1
07182930-0112-4b47-b901-c22334455678,,,Developed active tuberculosis during preventive treatment,Developed TB on TPT,Outcome category indicating active tuberculosis developed while on preventive treatment follow-up.,Finding,N/A,,,1,1
0718293a-4b5c-40de-f167-2c3d4e5f6078,,,Isoniazid resistant tuberculosis on register,Hr TB,Index DST indicates isoniazid resistant tuberculosis in register context.,Finding,N/A,,,1,1
07182940-4b5c-4345-0123-456789012367,,,Not currently pregnant,Not pregnant,Patient is not currently pregnant at time of assessment,Finding,N/A,,,1,1
07c9ebf2-8bad-40c2-e475-6a8c0e2f4b76,,,Oxytocin concentration units per liter,Oxytocin U/L,Numeric concentration of oxytocin in units per liter for infusion preparation.,Question,Numeric,,,1,1
08192a3b-4c5d-4e56-9789-0123456789ab,,,Leprosy treatment after loss to follow-up category,Tx after LTFU,Treatment history category for leprosy patient returning after loss to follow-up.,Finding,N/A,,,1,1
08192a3b-4c5d-4e67-9789-0123456789ab,,,Number of household contacts diagnosed with leprosy during screening,Household contacts diagnosed,Count of household contacts diagnosed with leprosy during screening follow-up.,Question,Numeric,,,1,1
08776c46-63fe-4845-8c9e-c922ba5044fb,,,HCV treatment follow-up week 24,FU week 24,Follow-up visit at week 24 in local hepatitis C treatment protocol.,Finding,N/A,,,1,1
09123456-7890-1234-0912-345678901234,,,Diarrhoea symptoms narrative,Diarrhoea symptoms,Free text description of diarrhoea-related symptoms in infant clinical assessment.,Question,Text,,,1,1
0a28c8c0-fd04-4efa-a61d-030f8ee72ae9,,,Chronic hepatitis B clinical category IV,HBV stage IV,Fourth category in local chronic hepatitis B clinical staging scale.,Finding,N/A,,,1,1
0a718293-0415-440a-a51b-263748596071,,,Sodium stibogluconate regimen,SSG,Sodium stibogluconate regimen documented.,Finding,N/A,,,1,1
0a78129a-34bc-4de5-ef67-89abcdef0123,,,Lymph nodes abnormal finding,Lymph nodes,Clinical finding of abnormal lymph nodes on focused physical examination,Finding,N/A,,,1,1
11c454d8-e21d-44b8-9314-7ab373d1995e,,,HBV treatment indication code 1,HBV ind 1,First coded treatment indication or eligibility reason in local hepatitis B register.,Finding,N/A,,,1,1
12233445-5667-4bc8-ca12-d7e8f9011223,,,Drug-resistant tuberculosis diagnosis,DR TB diagnosis,Final diagnosis category indicating drug-resistant tuberculosis disease.,Finding,N/A,,,1,1
12345def-6778-4567-bcde-678901234589,,,Chloroquine with radical cure primaquine,CQ+RCpq,Treatment of chloroquine plus radical cure dose of primaquine for malaria,Finding,N/A,,,1,1
12fd5e41-59f8-4a55-8a36-3d3ceb401006,,,No disability reported,No disability,Structured response indicating no disability identified or reported for this assessment,Finding,N/A,,,1,1
15263748-5960-451b-d62c-7d8e9f0a1b2c,,,Rapid diagnostic test result for leishmaniasis,RDT result,Result of rapid diagnostic test for leishmaniasis.,Question,Coded,703AAAAAAAAAAAAAAAAAAAAAAAAAAAAAAAAA;664AAAAAAAAAAAAAAAAAAAAAAAAAAAAAAAAA,,1,1
15859607-1829-451b-f62c-930415263748,,,Lesion size less than four centimeters,<4cm,Lesion size less than four centimeters.,Finding,N/A,,,1,1
168923ab-45cd-4ef6-f178-9abcdef01234,,,Deworming dose two date,Deworming dose 2 date,Date when second deworming dose was administered in the register period.,Question,Date,,,1,1
18293a4b-5c6d-412e-8078-3d4e5f607189,,,Tuberculosis contact person or other eligible group name,Contact name,Name of screened tuberculosis contact person or other TPT eligible group member.,Question,Text,,,1,1
18293a4b-5c6d-4456-1234-567890123478,,,History of fever,Hx of fever,Question asking whether the patient has a history of fever,Question,Coded,1065AAAAAAAAAAAAAAAAAAAAAAAAAAAAAAAA;1066AAAAAAAAAAAAAAAAAAAAAAAAAAAAAAAA,,1,1
182cc777-5fe0-4df4-b8f6-4d83d2f655d5,,,HBV antiviral regimen code 5,HBV rx code 5,Fifth local coded antiviral regimen option for hepatitis B register.,Finding,N/A,,,1,1
18dae1f3-9cbe-41d3-f586-7b9d1f3a5c87,,,Urine protein description notes,Urine protein notes,Free text description of urine protein finding during labor monitoring.,Question,Text,,,1,1
192a3b4c-5d6e-4f67-a89a-123456789abc,,,Other previously treated leprosy patient category,Other previously treated,Registration category for leprosy patient with prior treatment history not otherwise specified.,Finding,N/A,,,1,1
1a234567-8901-2345-1a23-456789012345,,,Infant currently breastfeeding,Infant breastfeeding,Coded yes/no question asking whether the infant is currently breastfeeding.,Question,Coded,1065AAAAAAAAAAAAAAAAAAAAAAAAAAAAAAAA;1066AAAAAAAAAAAAAAAAAAAAAAAAAAAAAAAA,,1,2
1ab82be2-a3dc-4d0d-8720-e704871a6cff,,,HCV treatment register follow-up status,HCV FU status,Overall follow-up status code aligned to local paper hepatitis C treatment register.,Question,Coded,eaffbc74-f440-46ed-9e76-a5537bed977e;400bceed-d97b-43a1-b1d8-72521b6663a5;887aaa6a-5fec-4a12-b34a-086809d546ea;05f87410-9b46-4d74-8899-a5b080143e24,,1,1
1b829304-1526-451b-b62c-374859607182,,,Sodium stibogluconate plus paromomycin regimen,SSG+PM,Combination sodium stibogluconate and paromomycin regimen.,Finding,N/A,,,1,1
1b8923ab-45cd-4ef6-a078-9abcdef01234,,,Counseling provided for cervical screening and treatment options,Counseled options,Whether counseling was provided on VIA cryotherapy and LEEP treatment options,Question,Coded,1065AAAAAAAAAAAAAAAAAAAAAAAAAAAAAAAA;1066AAAAAAAAAAAAAAAAAAAAAAAAAAAAAAAA,,1,1
1b89659b-192f-4d75-a2b6-a7ecb55189d2,,,Hepatitis C virus genotype (narrative),HCV genotype,Free text or coded genotype string for hepatitis C virus used for treatment planning.,Question,Text,,,1,1
23344556-6778-4cd9-db23-e8f901122334,,,No drug-sensitive or drug-resistant tuberculosis diagnosed,No DS or DR TB,Final assessment indicates neither drug-sensitive nor drug-resistant tuberculosis diagnosed.,Finding,N/A,,,1,1
23456ef0-7889-4678-cdef-789012345690,,,Visitor malaria case,Visitor case,Question asking whether the malaria case is a visitor or non-resident,Question,Coded,1065AAAAAAAAAAAAAAAAAAAAAAAAAAAAAAAA;1066AAAAAAAAAAAAAAAAAAAAAAAAAAAAAAAA,,1,1
26258022-e12a-4f45-bdb6-40dd1dfaf11b,,,Hepatitis B DNA quantitative at treatment initiation (IU per mL),HBV DNA at start,Hepatitis B virus DNA level at or immediately before antiviral therapy initiation in international units per milliliter.,Question,Numeric,,,1,1
26374859-6071-462c-e73d-8e9f0a1b2c3d,,,Leishmaniasis aspirate grade,Aspirate grade,Numeric aspirate result or parasite grade for leishmaniasis.,Question,Numeric,,,1,1
26960718-2930-462c-a73d-041526374859,,,Lesion size greater than four centimeters,>4cm,Lesion size greater than four centimeters.,Finding,N/A,,,1,1
293a4b5c-6d7e-4567-2345-678901234589,,,Travel destination,,Destination or location where the patient recently traveled,Question,Text,,,1,1
29ebf204-adcf-42e4-a697-8c0e2a4b6d98,,,Urine acetone description notes,Urine acetone notes,Free text description of urine acetone finding during labor monitoring.,Question,Text,,,1,1
2a3b4c5d-6e7f-4078-b9ab-23456789abcd,,,Leprosy disability grade right eye,Eye R grade,Numeric disability grade recorded for right eye in leprosy disability assessment.,Question,Numeric,,,1,1
2a3b4c5d-6e7f-4090-b9ab-23456789abcd,,,Treatment outcome assigned date,Outcome assigned date,Date when treatment outcome status was assigned for the leprosy case.,Question,Date,,,1,1
2b345678-9012-3456-2b34-567890123456,,,Replacement milk use,Replacement milk,Finding indicating that replacement milk is being used as an infant feeding method.,Finding,N/A,,,1,1
2c930415-2637-462c-c73d-485960718293,,,Liposomal amphotericin B regimen,Ambisome,Liposomal amphotericin B treatment regimen.,Finding,N/A,,,1,1
2c9a34bc-56de-40f7-b189-abcdef012345,,,Screened with VIA at this visit,VIA screened,Whether VIA screening was performed at this visit,Question,Coded,1065AAAAAAAAAAAAAAAAAAAAAAAAAAAAAAAA;1066AAAAAAAAAAAAAAAAAAAAAAAAAAAAAAAA,,1,1
2ecaa5d9-8231-4395-977d-1f58731a5c05,,,Hepatitis C treatment course completed,HCV tx completed,Whether the patient completed the planned hepatitis C antiviral course.,Question,Coded,1065AAAAAAAAAAAAAAAAAAAAAAAAAAAAAAAA;1066AAAAAAAAAAAAAAAAAAAAAAAAAAAAAAAA,,1,1
34455667-7889-4dea-ec34-f90112233445,,,Tuberculosis contact management action,TB action taken,Programmatic action taken for the screened tuberculosis contact after diagnosis and assessment.,Question,Coded,45566778-8990-4efb-fd45-011223344556;56677889-9001-40fc-0e56-112233445667;67788990-0112-41ad-1f67-223344556778;def01234-8990-4789-789a-890123456701;78899001-1223-42be-2078-334455667889;5622AAAAAAAAAAAAAAAAAAAAAAAAAAAAAAAA,,1,1
345670f1-8990-4789-def0-890123456701,,,Visitor stayed overnight at location,Visitor stayed,Question asking whether the visitor stayed overnight at the current location,Question,Coded,1065AAAAAAAAAAAAAAAAAAAAAAAAAAAAAAAA;1066AAAAAAAAAAAAAAAAAAAAAAAAAAAAAAAA,,1,1
37485960-7182-473d-f84e-9f0a1b2c3d4e,,,Borderline laboratory result,Borderline,Borderline laboratory result status.,Finding,N/A,,,1,1
37a71829-3041-473d-b84e-152637485960,,,Elapsed time since lesion onset,Time elapsed,Elapsed time since lesion onset or symptom start.,Question,Numeric,,,1,1
3a121f53-2936-43b7-a7fe-121a9ee751af,,,HBV antiviral regimen code 3,HBV rx code 3,Third local coded antiviral regimen option for hepatitis B register.,Finding,N/A,,,1,1
3a4b5c6d-7e8f-4340-a29a-5f60718293ab,,,Tuberculosis contact registration reason,TB registration reason,Reason category used when registering a tuberculosis contact for screening and follow-up.,Question,Coded,4b5c6d7e-8f90-4451-b3ab-60718293a4bc;cb3719c5-239c-475a-ae8f-88c9b996bfa1;5c6d7e8f-9001-4562-c4bc-718293a4b5cd;6d7e8f90-0112-4673-d5cd-8293a4b5c6de,,1,1
3a4b5c6d-7e8f-4678-3456-789012345690,,,Malaria diagnosis method,Malaria dx method,Method used to confirm or make malaria diagnosis in the patient,Question,Coded,4b5c6d7e-8f90-4789-4567-890123456701;5c6d7e8f-9001-4890-5678-901234567812;6d7e8f90-0112-4901-6789-012345678923,,1,1
3b4c5d6e-7f80-4189-cabc-3456789abcde,,,Leprosy disability grade left eye,Eye L grade,Numeric disability grade recorded for left eye in leprosy disability assessment.,Question,Numeric,,,1,1
3b4c5d6e-7f80-41a1-cabc-3456789abcde,,,Leprosy treatment outcome status,Leprosy outcome,Outcome status of leprosy treatment course at program follow-up endpoint.,Question,Coded,160035AAAAAAAAAAAAAAAAAAAAAAAAAAAAAA;160034AAAAAAAAAAAAAAAAAAAAAAAAAAAAAA;160031AAAAAAAAAAAAAAAAAAAAAAAAAAAAAA;160036AAAAAAAAAAAAAAAAAAAAAAAAAAAAAA,,1,1
3c456789-0123-4567-3c45-678901234567,,,Childhood immunization status narrative,Immunization status note,Free text narrative of childhood immunization status for children under 24 months.,Question,Text,,,1,1
3d041526-3748-473d-d84e-596071829304,,,Liposomal amphotericin B plus miltefosine regimen,Ambisome+Miltefosine,Combination liposomal amphotericin B and miltefosine regimen.,Finding,N/A,,,1,1
3d287cb2-9ee7-4e37-830b-d829f2f0b262,,,HBV antiviral regimen code 6,HBV rx code 6,Sixth local coded antiviral regimen option for hepatitis B register.,Finding,N/A,,,1,1
3dab45cd-67ef-4128-c29a-bcdef0123456,,,VIA screening result category,VIA result,Result category from VIA cervical screening assessment,Question,Coded,4ebc56de-78f0-4239-d3ab-cdef01234567;5fcd67ef-8901-434a-e4bc-def012345678;6ade78f0-9012-445b-f5cd-ef0123456789;7bef8901-a123-456c-067d-f0123456789a,,1,1
3fbbdfc8-0093-4604-8722-b67a0ec94a63,,,Hepatitis B treatment discontinuation reason,HBV stop reason,Reason antiviral therapy for hepatitis B was stopped or changed at this visit.,Question,Coded,bf0d8e11-c57e-4fd2-9672-d7cc193d9dc8;422bcbae-b675-4cd1-b45c-d0e173eb0ff8;7a2fc273-bfbd-454b-942a-ed595abd2a44,,1,1
400bceed-d97b-43a1-b1d8-72521b6663a5,,,HCV register follow-up status code 2,HCV FU 2,Second local coded follow-up status for hepatitis C treatment register.,Finding,N/A,,,1,1
401724fd-3d7b-41bc-954d-90472c39f128,,,HBV treatment indication code 6,HBV ind 6,Sixth coded treatment indication or eligibility reason in local hepatitis B register.,Finding,N/A,,,1,1
422bcbae-b675-4cd1-b45c-d0e173eb0ff8,,,HBV treatment discontinuation reason code 2,HBV disc 2,Second local coded reason for discontinuing hepatitis B treatment.,Finding,N/A,,,1,1
45566778-8990-4efb-fd45-011223344556,,,Drug-sensitive tuberculosis treatment initiated,DS TB treatment started,Action category indicating initiation of treatment for drug-sensitive tuberculosis.,Finding,N/A,,,1,1
45678012-9001-4890-ef01-901234567812,,,Eligible for foci investigation,Foci eligible,Question asking whether the malaria case is eligible for foci investigation,Question,Coded,1065AAAAAAAAAAAAAAAAAAAAAAAAAAAAAAAA;1066AAAAAAAAAAAAAAAAAAAAAAAAAAAAAAAA,,1,1
475f2b41-c3fa-4266-9612-18f8b72fc8c4,,,Edema present,Edema,Whether edema is present on examination.,Question,Coded,1065AAAAAAAAAAAAAAAAAAAAAAAAAAAAAAAA;1066AAAAAAAAAAAAAAAAAAAAAAAAAAAAAAAA,,1,53
48b82930-4152-484e-c95f-263748596071,,,CL treatment regimen category,CL regimen,Treatment regimen selected for cutaneous leishmaniasis.,Question,Coded,59c93041-5263-495f-da60-374859607182;0a718293-0415-440a-a51b-263748596071;5622AAAAAAAAAAAAAAAAAAAAAAAAAAAAAAAA,,1,1
4ab60275-32de-4743-b760-d2cecb25b190,,,Co-infection with HCV,Co-infect HCV,Active or documented hepatitis C co-infection in a person with hepatitis B.,Finding,N/A,,,1,1
4b5c6d7e-8f90-4451-b3ab-60718293a4bc,,,Household contact category,Household contact,Contact is registered as household tuberculosis exposure category.,Finding,N/A,,,1,1
4b5c6d7e-8f90-4789-4567-890123456701,,,Microscopy diagnosis method,Microscopy,Malaria diagnosed by blood film microscopy examination,Finding,N/A,,,1,1
4b9bdc4a-2d67-4236-9684-6b2d5d7cf5d3,,,HBV antiviral regimen code 1,HBV rx code 1,First local coded antiviral regimen option for hepatitis B register.,Finding,N/A,,,1,1
4c5d6e7f-8091-429a-dbcd-456789abcdef,,,Leprosy disability grade right hand,Hand R grade,Numeric disability grade recorded for right hand in leprosy disability assessment.,Question,Numeric,,,1,1
4d567890-1234-5678-4d56-789012345678,,,Next follow-up appointment date,Next appointment,Date of the next scheduled follow-up appointment for the child.,Question,Date,,,1,1
4d5e6f70-8192-4a89-ab01-23456789abcd,,,Household contact screened status,Contact screened,Whether the listed household contact has been screened for leprosy.,Question,Coded,1065AAAAAAAAAAAAAAAAAAAAAAAAAAAAAAAA;1066AAAAAAAAAAAAAAAAAAAAAAAAAAAAAAAA,,1,1
4e152637-4859-484e-e95f-607182930415,,,Initial treatment outcome category,Initial outcome,Outcome status at completion of initial treatment course.,Question,Coded,5f263748-5960-495f-fa60-718293041526;6a374859-6071-4a60-ab71-829304152637;7b485960-7182-4b71-bc82-930415263748;8c596071-8293-4c82-cd93-041526374859;9d607182-9304-4d93-dea4-152637485960,,1,1
4ebc56de-78f0-4239-d3ab-cdef01234567,,,VIA negative screening result,VIA negative,Visual inspection with acetic acid screening result documented as negative,Finding,N/A,,,1,1
56677889-9001-40fc-0e56-112233445667,,,Linked to drug-resistant tuberculosis treatment initiation center,Linked to DR TB TIC,Action category indicating linkage to drug-resistant tuberculosis treatment initiation center.,Finding,N/A,,,1,1
567890ab-0112-4901-f012-012345678923,,,Index case testing status,Index tested,Question asking whether the index malaria case was tested,Question,Coded,1065AAAAAAAAAAAAAAAAAAAAAAAAAAAAAAAA;1066AAAAAAAAAAAAAAAAAAAAAAAAAAAAAAAA;1175AAAAAAAAAAAAAAAAAAAAAAAAAAAAAAAA,,1,1
59c93041-5263-495f-da60-374859607182,,,Meglumine antimoniate regimen,Meglumine antimoniate,Meglumine antimoniate glucantime regimen documented.,Finding,N/A,,,1,1
5a0b1c2d-3e4f-4960-8a71-b2c3d4e5f607,,,Travel history for leishmaniasis case,Travel history,Travel history relevant to exposure risk before leishmaniasis diagnosis.,Question,Coded,1065AAAAAAAAAAAAAAAAAAAAAAAAAAAAAAAA;1066AAAAAAAAAAAAAAAAAAAAAAAAAAAAAAAA,,1,1
5c6d7e8f-9001-4562-c4bc-718293a4b5cd,,,Casual tuberculosis contact category,Casual contact,Contact is registered as casual tuberculosis exposure category.,Finding,N/A,,,1,1
5c6d7e8f-9001-4890-5678-901234567812,,,Rapid diagnostic test method,RDT method,Malaria diagnosed by rapid diagnostic test,Finding,N/A,,,1,1
5d6e7f80-91a2-43ab-ecde-56789abcdef0,,,Leprosy disability grade left hand,Hand L grade,Numeric disability grade recorded for left hand in leprosy disability assessment.,Question,Numeric,,,1,1
5e678901-2345-6789-5e67-890123456789,,,Childhood illness outcome notes,Illness outcome,Free text notes documenting the outcome of the childhood illness visit or treatment episode.,Question,Text,,,1,1
5f263748-5960-495f-fa60-718293041526,,,Treatment outcome cured,Cured,Patient cured at treatment outcome assessment.,Finding,N/A,,,1,1
5fcd67ef-8901-434a-e4bc-def012345678,,,VIA positive not eligible for cryotherapy,VIA positive no cryo,Visual inspection with acetic acid positive result where client is not eligible for cryotherapy,Finding,N/A,,,1,1
63d7303b-be32-4a7e-b03e-95edbdaa35fc,,,HBV follow-up status code 7,HBV FU 7,Seventh local coded follow-up status for hepatitis B register.,Finding,N/A,,,1,1
674b473f-e7d0-4614-9efa-8e72d8e2f084,,,Immunization not started (narrative documentation),Immunization not started note,"Free text when the child's national immunization schedule or program path (for example IMNCI birth-dose B2) has not been started, for register or follow-up documentation.",Question,Text,,,1,1
67788990-0112-41ad-1f67-223344556778,,,Tuberculosis preventive treatment initiated,TPT started,Action category indicating tuberculosis preventive treatment has been initiated.,Finding,N/A,,,1,1
678901bc-1223-4012-0123-123456789034,,,FTAT investigation start date,FTAT start,Date when the focal test and treat malaria investigation was started,Question,Date,,,1,1
6972fb07-fc7e-4650-b3b3-618890fd45e6,,,Co-infection with HIV and HCV,Co-infect HIV+HCV,Active or documented HIV and hepatitis C co-infection in a person with hepatitis B.,Finding,N/A,,,1,1
6a1b2c3d-4e5f-4a60-8b71-c2d3e4f50617,,,New case status,New,Indicates a newly identified case.,Finding,N/A,,,1,1
6a374859-6071-4a60-ab71-829304152637,,,Treatment outcome referred,Referred,Patient referred out at treatment outcome assessment.,Finding,N/A,,,1,1
6ade78f0-9012-445b-f5cd-ef0123456789,,,VIA positive eligible for cryotherapy,VIA positive cryo eligible,Visual inspection with acetic acid positive result where client is eligible for cryotherapy,Finding,N/A,,,1,1
6d7e8f90-0112-4673-d5cd-8293a4b5c6de,,,Non-contact eligible group category,Other non-contact,Registered person belongs to another eligible group without direct contact exposure.,Finding,N/A,,,1,1
6d7e8f90-0112-4901-6789-012345678923,,,Clinical diagnosis method,Clinical Dx,Diagnosis made clinically based on symptoms without laboratory confirmation,Finding,N/A,,,1,1
6e7f8091-a2b3-44bc-fdef-6789abcdef01,,,Leprosy disability grade right foot,Foot R grade,Numeric disability grade recorded for right foot in leprosy disability assessment.,Question,Numeric,,,1,1
6ed306d8-c0c7-4573-9366-df111f8f56cd,,,Pre-extensively drug-resistant tuberculosis,Pre-XDR TB,Tuberculosis resistant to rifampicin or MDR pattern with additional resistance meeting pre-XDR definition.,Finding,N/A,,,1,1
6f43baae-c6ed-49b2-91a3-a740cf18560e,,,HBV treatment indication code 5,HBV ind 5,Fifth coded treatment indication or eligibility reason in local hepatitis B register.,Finding,N/A,,,1,1
6f789012-3456-7890-6f78-901234567890,,,General clinical remarks,Remarks,Free text field for general clinical remarks or additional notes about the encounter.,Question,Text,,,1,1
7019aea1-fb85-4bcd-9c55-b2ca8d7bb282,,,Vision-related disability,Vision loss,Patient has or is documented as having disability primarily related to vision or sight for inclusive care records,Finding,N/A,,,1,1
710a8e24-a210-4772-a78a-05cf025e1f72,,,Hepatitis C treatment stopped,HCV tx stopped,Whether hepatitis C antiviral treatment was stopped before planned completion.,Question,Coded,1065AAAAAAAAAAAAAAAAAAAAAAAAAAAAAAAA;1066AAAAAAAAAAAAAAAAAAAAAAAAAAAAAAAA,,1,1
78899001-1223-42be-2078-334455667889,,,Released from tuberculosis contact care,Released from TB care,Action category indicating contact has been released from tuberculosis follow-up care.,Finding,N/A,,,1,1
789012cd-2334-4123-1234-234567890145,,,FTAT investigation end date,FTAT end,Date when the focal test and treat malaria investigation was completed,Question,Date,,,1,1
7a2fc273-bfbd-454b-942a-ed595abd2a44,,,HBV treatment discontinuation reason code 3,HBV disc 3,Third local coded reason for discontinuing hepatitis B treatment.,Finding,N/A,,,1,1
7a96ad3d-099a-4f46-a672-cecc67cd5a69,,,Sofosbuvir with ribavirin regimen,Sof+RBV,Sofosbuvir combined with ribavirin (two-drug regimen) for hepatitis C treatment.,Finding,N/A,,,1,1
7aeaadf2-a0b1-4753-a041-12cd1ca0b98c,,,HBV antiviral regimen code 4,HBV rx code 4,Fourth local coded antiviral regimen option for hepatitis B register.,Finding,N/A,,,1,1
7b2c3d4e-5f60-4b71-9c82-d3e4f5061728,,,Months sick before admission,,Number of months the patient was ill before admission for current episode.,Question,Numeric,,,1,1
7b485960-7182-4b71-bc82-930415263748,,,Treatment outcome defaulted,Defaulted,Patient defaulted treatment before completion.,Finding,N/A,,,1,1
7bef8901-a123-456c-067d-f0123456789a,,,Suspicious cervical lesion on screening,Suspicious lesion,Screening finding suggestive of possible invasive cervical cancer requiring further evaluation,Finding,N/A,,,1,1
7e8f9001-1223-4012-789a-123456789034,,,Malaria test result,Malaria result,Result of malaria diagnostic test including parasite species identified,Question,Coded,664AAAAAAAAAAAAAAAAAAAAAAAAAAAAAAAAA;5dd7e8f9-3b0c-123d-567e-345678901234;6ee8f9a0-4c1d-234e-678f-456789012345;8f900112-2334-4123-89ab-234567890145,,1,1
7e8f9001-1223-4784-e6de-93a4b5c6d7ef,,,HIV status of tuberculosis contact,HIV status contact,HIV status category for the tuberculosis contact being screened.,Question,Coded,1228AAAAAAAAAAAAAAAAAAAAAAAAAAAAAAAA;1229AAAAAAAAAAAAAAAAAAAAAAAAAAAAAAAA;1402AAAAAAAAAAAAAAAAAAAAAAAAAAAAAAAA,,1,1
7f8091a2-b3c4-45cd-0ef0-789abcdef012,,,Leprosy disability grade left foot,Foot L grade,Numeric disability grade recorded for left foot in leprosy disability assessment.,Question,Numeric,,,1,1
8091a2b3-c4d5-46de-1f01-89abcdef0123,,,Leprosy overall disability status score,Disability status,Overall numeric disability status value captured for leprosy assessment at visit.,Question,Numeric,,,1,1
82930415-2637-4c82-ed93-4e5f60718293,,,Concomitant opportunistic infections,Concomitant OI,Opportunistic or co-existing infections documented with current diagnosis.,Question,Coded,18c7d8e9-eafb-82ff-45cc-7b43cef60b29;233AAAAAAAAAAAAAAAAAAAAAAAAAAAAAAAAA;93041526-3748-4d93-fea4-5f6071829304;b4634d4e-f379-4136-a1a0-0c17555f8d65;5622AAAAAAAAAAAAAAAAAAAAAAAAAAAAAAAA,,1,1
82c3a519-cbfe-463a-81b5-8ebc4ba4ea69,,,HCV treatment follow-up week 0,FU week 0,Follow-up visit at week 0 in local hepatitis C treatment protocol.,Finding,N/A,,,1,1
831a4037-2511-4c35-b483-2579aefb9675,,,Mobility-related disability,Mobility impairment,Patient has or is documented as having disability primarily related to mobility or ambulation for inclusive care records,Finding,N/A,,,1,1
87606a08-2e4d-48d8-9d8b-5b15ff3a4f5e,,,HBV follow-up status code 6,HBV FU 6,Sixth local coded follow-up status for hepatitis B register.,Finding,N/A,,,1,1
887aaa6a-5fec-4a12-b34a-086809d546ea,,,HCV register follow-up status code 3,HCV FU 3,Third local coded follow-up status for hepatitis C treatment register.,Finding,N/A,,,1,1
89900112-2334-43cf-3189-445566778990,,,Tuberculosis preventive treatment start date,TPT start date,Date when tuberculosis preventive treatment was started for the contact.,Question,Date,,,1,1
89abcdef-3445-4234-2345-345678901256,,,Index case tested and identified,Index identified,Question asking whether the index malaria case was tested and identified in foci investigation,Question,Coded,1065AAAAAAAAAAAAAAAAAAAAAAAAAAAAAAAA;1066AAAAAAAAAAAAAAAAAAAAAAAAAAAAAAAA,,1,1
8b2a3cce-c33d-4d65-96be-81e7c9833117,,,Death during hepatitis C treatment episode,Died HCV care,Whether the patient died during the hepatitis C treatment episode captured by this register.,Question,Coded,1065AAAAAAAAAAAAAAAAAAAAAAAAAAAAAAAA;1066AAAAAAAAAAAAAAAAAAAAAAAAAAAAAAAA,,1,1
8c3d4e5f-6071-4c82-ad93-e4f506172839,,,Pregnancy status in leishmaniasis case,Pregnancy status,Whether the patient with leishmaniasis is currently pregnant.,Question,Coded,1065AAAAAAAAAAAAAAAAAAAAAAAAAAAAAAAA;1066AAAAAAAAAAAAAAAAAAAAAAAAAAAAAAAA,,1,1
8c596071-8293-4c82-cd93-041526374859,,,Treatment outcome died,Died,Patient died during treatment episode.,Finding,N/A,,,1,1
8cf09a12-b234-467d-178e-0123456789ab,,,Referral for further breast examination,Breast further exam referral,Referral indication for additional breast-focused evaluation,Finding,N/A,,,1,1
8d1149c0-ff62-452a-b295-ae254e1876e3,,,HBV follow-up status code 5,HBV FU 5,Fifth local coded follow-up status for hepatitis B register.,Finding,N/A,,,1,1
8f900112-2334-4123-89ab-234567890145,,,Mixed malaria infection,Mixed malaria,Mixed Plasmodium falciparum and Plasmodium vivax malaria infection detected,Finding,N/A,,,1,1
8f900112-2334-4895-f7ef-a4b5c6d7e8f0,,,Tuberculosis screening result for contact,Contact TB screening result,Initial active tuberculosis screening result for the registered contact.,Question,Coded,1228AAAAAAAAAAAAAAAAAAAAAAAAAAAAAAAA;1229AAAAAAAAAAAAAAAAAAAAAAAAAAAAAAAA,,1,1
90011223-3445-44d0-429a-556677889901,,,Tuberculosis preventive treatment regimen,TPT regimen,Regimen selected for tuberculosis preventive treatment of the contact.,Question,Coded,a0112233-4556-45e1-53ab-667788990112;b1223344-5667-46f2-64bc-778899001123;c2334455-6778-4703-75cd-889900112234,,1,1
90011223-3445-49a6-a8f0-b5c6d7e8f901,,,Tuberculosis contact screening date,TB screened date,Date when tuberculosis contact screening was performed.,Question,Date,,,1,1
900112ab-3445-4234-9abc-345678901256,,,Malaria treatment given,Malaria treatment,Antimalarial treatment regimen administered to the patient,Question,Coded,1447AAAAAAAAAAAAAAAAAAAAAAAAAAAAAAAA;012345cd-5667-4456-abcd-567890123478;73300AAAAAAAAAAAAAAAAAAAAAAAAAAAAAAA;12345def-6778-4567-bcde-678901234589;71561AAAAAAAAAAAAAAAAAAAAAAAAAAAAAAA;5622AAAAAAAAAAAAAAAAAAAAAAAAAAAAAAAA;def01234-8990-4789-789a-890123456701,,1,1
91a2b3c4-d5e6-47ef-2012-9abcdef01234,,,Leprosy disability grade category,Leprosy disability grade,Coded disability grade category assigned to patient in leprosy register.,Question,Coded,a2b3c4d5-e6f7-4801-3123-abcdef012345;b3c4d5e6-f708-4912-4234-bcdef0123456;c4d5e6f7-0819-4a23-5345-cdef01234567;160737AAAAAAAAAAAAAAAAAAAAAAAAAAAAAA,,1,1
91ab23cd-45ef-4678-9a01-b234cdef5678,,,Vaccination dose number,Dose number,Numeric dose number for a recorded vaccine administration event.,Question,Numeric,,,1,1
91f2a3b4-c5d6-4789-a012-b345c678d901,,,Leprosy bacteriology smear result classification,Leprosy smear result,Recorded bacteriology smear result category for leprosy case assessment.,Question,Coded,a2b3c4d5-e6f7-4890-b123-c456d789e012;b3c4d5e6-f708-4901-c234-d567e890f123;c4d5e6f7-0819-4a12-d345-e678f9012345;664AAAAAAAAAAAAAAAAAAAAAAAAAAAAAAAAA,,1,1
924b36a2-4d0e-414b-a437-5a224e9360eb,,,Chronic liver disease without cirrhosis,No cirrhosis,Chronic liver disease including chronic hepatitis C without cirrhosis on clinical staging.,Finding,N/A,,,1,1
9285367a-9f25-4613-bc10-abd72491ad76,,,Comorbid HIV clinical detail,HIV co-detail,Clinical notes or staging detail when the patient with hepatitis B is HIV-positive (for example ART or WHO stage).,Question,Text,,,1,1
93041526-3748-4d93-fea4-5f6071829304,,,Skin infection present,Skin infection,Skin infection documented as concomitant condition.,Finding,N/A,,,1,1
94701f43-07b3-4bbd-8873-3fa42d76f5a3,,,If other diagnosis specify,If other specify,Free-text diagnosis detail when other diagnosis is selected.,Question,Text,,,1,99
94c5cf7f-68d9-49a9-afe0-8f5574bc5f78,,,Other disability type,Others,Disability present but not classified under listed types; capture detail in accompanying narrative where available,Finding,N/A,,,1,1
985c6633-6c5c-4f31-8e0c-4d15047a4752,,,Months on current antiviral therapy,Months on therapy,Number of months the patient has been on the current hepatitis B antiviral regimen.,Question,Numeric,,,1,1
9abcdef0-4556-4345-3456-456789012367,,,Number of households investigated,Households investigated,Total number of households investigated during foci or index case investigation,Question,Numeric,,,1,1
9adf601a-95f9-4598-8ec1-32463494f316,,,Hearing-related disability,Hearing loss,Patient has or is documented as having disability primarily related to hearing for inclusive care records,Finding,N/A,,,1,1
9b399d7f-0f6b-499c-b521-cd6efea53f5d,,,Dropped from hepatitis C care,Dropped HCV care,Whether the patient dropped out or was lost to follow-up from hepatitis C care.,Question,Coded,1065AAAAAAAAAAAAAAAAAAAAAAAAAAAAAAAA;1066AAAAAAAAAAAAAAAAAAAAAAAAAAAAAAAA,,1,1
9b7cf5a8-0d5a-4da5-95c4-456701ea5321,,,Hepatitis B co-infection category,HBV co-infection,Co-infection pattern with HIV and or hepatitis C in a person with hepatitis B.,Question,Coded,c201d808-64e2-47c5-a305-0d9752c85f11;4ab60275-32de-4743-b760-d2cecb25b190;6972fb07-fc7e-4650-b3b3-618890fd45e6,,1,1
9c79a87e-864f-4329-82e3-0806ce3324a4,,,Chronic hepatitis B clinical category II,HBV stage II,Second category in local chronic hepatitis B clinical staging scale.,Finding,N/A,,,1,1
9d037485-9607-4d93-bea4-718293041526,,,Clinical register remarks,Register remark,Free text remarks for register level clinical notes.,Question,Text,,,1,1
9d4e5f60-7182-4d93-bea4-f5061728394a,,,Pregnancy trimester at leishmaniasis presentation,Pregnancy trimester (leishmaniasis),Trimester of pregnancy at leishmaniasis presentation.,Question,Numeric,,,1,1
9d607182-9304-4d93-dea4-152637485960,,,Treatment outcome failure,Failure,Treatment failure documented at outcome assessment.,Finding,N/A,,,1,1
9da1ab23-c345-478e-289f-123456789abc,,,Cervical screening follow-up appointment date,Follow-up date,Date appointed for follow-up after cervical screening encounter,Question,Date,,,1,1
a0112233-4556-45e1-53ab-667788990112,,,Three months isoniazid plus rifapentine regimen,3HP,Three-month weekly isoniazid plus rifapentine tuberculosis preventive treatment regimen.,Finding,N/A,,,1,1
a13f2c4d-5e67-48ab-9c01-d234ef567890,,,HTC and pregnancy status assessment,HTC+pregnancy status,Whether HIV testing and counseling context with pregnancy status was assessed during the encounter.,Question,Coded,1065AAAAAAAAAAAAAAAAAAAAAAAAAAAAAAAA;1066AAAAAAAAAAAAAAAAAAAAAAAAAAAAAAAA;1067AAAAAAAAAAAAAAAAAAAAAAAAAAAAAAAA;1175AAAAAAAAAAAAAAAAAAAAAAAAAAAAAAAA,,1,1
a1b2c3d4-e5f6-4789-abcd-ef0123456701,,,Case registration date,Reg. date,Date when the case was registered in a disease register,Question,Date,,,1,1
a1b2c3d4-e5f6-4a78-9b01-c234d567e890,,,Index tuberculosis type classification,Index TB type,Clinical classification of index patient's tuberculosis type for contact register screening.,Question,Coded,164412AAAAAAAAAAAAAAAAAAAAAAAAAAAAAA;164413AAAAAAAAAAAAAAAAAAAAAAAAAAAAAA;d4e5f607-1829-4dab-ce34-f5670a1b2c23,,1,1
a1c3e5f7-2b4d-4a6c-8e1f-0a2c4e6f8b10,,,Partograph moulding score,Moulding score,Numeric moulding score recorded on intrapartum partograph assessment.,Question,Numeric,,,1,1
a1ee71ae-0a4d-4944-83fe-d8e067e4f7a0,,,Disability-inclusive screening category,Disability category,Single coded selection for disability-inclusive screening and documentation reusable across encounters and form contexts,Question,Coded,7019aea1-fb85-4bcd-9c55-b2ca8d7bb282;9adf601a-95f9-4598-8ec1-32463494f316;831a4037-2511-4c35-b483-2579aefb9675;12fd5e41-59f8-4a55-8a36-3d3ceb401006;94c5cf7f-68d9-49a9-afe0-8f5574bc5f78,,1,5
a2b3c4d5-e6f7-4801-3123-abcdef012345,,,Disability grade zero,Grade 0,Disability grade zero classification indicating no visible disability at assessment.,Finding,N/A,,,1,1
a2b3c4d5-e6f7-4890-b123-c456d789e012,,,Leprosy smear scanty count one to three,Scanty 1-3,Leprosy smear microscopy result with scanty bacilli count in range one to three.,Finding,N/A,,,1,1
a2bc34de-56f7-4890-ab12-c345def67890,,,Oral polio vaccine administration date,OPV date,Date oral polio vaccine was administered.,Question,Date,,,1,1
a3b4c5d6-e7f8-9012-a3b4-c5d6e7f89012,,,Under-five OPD visit type,Under-five visit type,Coded question for the type of visit in the under-five outpatient register.,Question,Coded,b4c5d6e7-f809-1234-b4c5-d6e7f8901234;c5d6e7f8-0912-3456-c5d6-e7f890123456,,1,2
a4152637-4859-4ea4-afb5-607182930415,,,Drug side effect profile,Drug side effects,Documented treatment related adverse effects.,Question,Coded,b5263748-5960-4fb5-b0c6-718293041526;c6374859-6071-40c6-c1d7-829304152637;d7485960-7182-41d7-d2e8-930415263748;e8596071-8293-42e8-e3f9-041526374859;5622AAAAAAAAAAAAAAAAAAAAAAAAAAAAAAAA;1067AAAAAAAAAAAAAAAAAAAAAAAAAAAAAAAA,,1,1
a481b402-55d7-49a3-b9fa-4da93a4eee6a,,,HCV treatment follow-up week 4,FU week 4,Follow-up visit at week 4 in local hepatitis C treatment protocol.,Finding,N/A,,,1,1
a5c7d0e4-b168-492d-c243-e5f60718293a,,,Payment mechanism for assistive technology service,AT payment type,How payment or financial coverage was arranged for the assistive technology service.,Question,Coded,b6d8e1f5-c279-4a3e-d354-f60718293a4b;c7e9f206-d38a-4b4f-e465-0718293a4b5c;d8f0a317-e49b-4c50-f576-18293a4b5c6d;e9a1b428-f5ac-4d61-a687-293a4b5c6d7e,,1,1
a9218cf3-6f98-4f4b-b7b4-8a300874369b,,,HBV treatment indication code 4,HBV ind 4,Fourth coded treatment indication or eligibility reason in local hepatitis B register.,Finding,N/A,,,1,1
aa12bc34-de56-4789-8f01-23456789abcd,,,VIA screening registration number,VIA reg no,Registration number assigned for VIA cervical screening follow-up and tracking,Question,Text,,,1,1
aad81d80-1c7f-404e-a4f9-b954f44b419f,,,Chronic hepatitis B clinical category (register staging),HBV clinical stage,Register-specific clinical severity or staging category for chronic hepatitis B care.,Question,Coded,ec88d3af-82e2-4cbe-99d4-25f6d751f73a;9c79a87e-864f-4329-82e3-0806ce3324a4;f8658dd1-6599-48d7-835c-111c28e7a6dd;0a28c8c0-fd04-4efa-a61d-030f8ee72ae9,,1,1
abcdef01-5667-4456-4567-567890123478,,,Number of secondary cases identified,Secondary cases identified,Total number of secondary malaria cases identified during foci investigation,Question,Numeric,,,1,1
ae0d5a27-2c74-48eb-a493-73417a32de18,,,HBV treatment indication code 3,HBV ind 3,Third coded treatment indication or eligibility reason in local hepatitis B register.,Finding,N/A,,,1,1
ae5f6071-8293-4ea4-cfb5-061728394a5b,,,Visceral leishmaniasis case type,VL case type,Case category for visceral leishmaniasis episode.,Question,Coded,d1829304-1526-41d7-f2e8-394a5b6c7d8e;e2930415-2637-42e8-a3f9-4a5b6c7d8e9f;f3041526-3748-43f9-b40a-5b6c7d8e9f0a,,1,1
ae718293-0415-4ea4-efb5-263748596071,,,Cure confirmation method,Cure confirmation,Method used to confirm cure.,Question,Coded,bf829304-1526-4fb5-f0c6-374859607182;c0930415-2637-40c6-a1d7-485960718293,,1,1
aeb2bc34-d456-489f-39a0-23456789abcd,,,Cervical screening rescreening date,Rescreening date,Date of scheduled or completed cervical rescreening visit,Question,Date,,,1,1
af12bc34-de56-4789-8a01-23456789abcd,,,Weight for age growth monitoring category,Weight for age GMP,Weight for age category used in growth monitoring and promotion workflows.,Question,Coded,f1a2b3c4-d5e6-47f8-89a0-b1c2d3e4f502;b023cd45-ef67-4890-9b12-3456789abcde;c134de56-f078-49a1-ac23-456789abcdef,,1,1
b006c864-03e3-4d2a-831c-4b6b4385cea9,,,Co-infection with hepatitis B,Co-infect HBV,Documented hepatitis B virus co-infection in a person with chronic hepatitis C.,Finding,N/A,,,1,1
b023cd45-ef67-4890-9b12-3456789abcde,,,Moderate underweight status,Moderate underweight,Child is categorized as moderate underweight by age-based growth assessment.,Finding,N/A,,,1,1
b1223344-5667-46f2-64bc-778899001123,,,Three months rifampicin plus isoniazid regimen,3RH,Three-month daily rifampicin plus isoniazid tuberculosis preventive treatment regimen.,Finding,N/A,,,1,1
b2c3d4e5-f601-4890-bcde-f01234567812,,,Patient name,,Full name of the patient as recorded in the register,Question,Text,,,1,1
b2d4f6a8-3c5e-4b7d-9f20-1b3d5f7a9c21,,,Partograph fetal head descent score,Head descent score,Numeric descent of fetal head score documented on partograph.,Question,Numeric,,,1,1
b3c4d5e6-f708-4901-c234-d567e890f123,,,Leprosy smear scanty count four to nine,Scanty 4-9,Leprosy smear microscopy result with scanty bacilli count in range four to nine.,Finding,N/A,,,1,1
b3c4d5e6-f708-4912-4234-bcdef0123456,,,Disability grade one,Grade 1,Disability grade one classification indicating sensory impairment without visible deformity.,Finding,N/A,,,1,1
b3cd45ef-6789-4a01-bc23-d456ef789012,,,DPT HepB Hib pentavalent vaccine administration date,Pentavalent date,Date DPT HepB Hib pentavalent vaccine dose was administered.,Question,Date,,,1,1
b4634d4e-f379-4136-a1a0-0c17555f8d65,,,Sepsis (comorbidity),,Sepsis recorded as a concomitant condition.,Finding,N/A,,,1,1
b4c5d6e7-f809-1234-b4c5-d6e7f8901234,,,HTC initial visit,HTC initial,Initial HIV testing and counseling visit type for under-five outpatient register.,Finding,N/A,,,1,1
b5263748-5960-4fb5-b0c6-718293041526,,,Cardiotoxicity adverse effect,Cardiotoxicity,Cardiotoxicity documented as treatment adverse effect.,Finding,N/A,,,1,1
b64448e0-482d-49bc-98c8-67a2a27b98b6,,,HBV follow-up status code 1,HBV FU 1,First local coded follow-up status for hepatitis B register.,Finding,N/A,,,1,1
b6d8e1f5-c279-4a3e-d354-f60718293a4b,,,Community-based health insurance coverage,CBHI,Service payment covered through community-based health insurance.,Finding,N/A,,,1,1
b7e4c2a1-9f08-4d6e-b5c3-2a1f0e9d8c7b,,,Growth monitoring measurement date and time,Growth measure DateTime,Date and time when growth monitoring measurements were taken or recorded.,Question,Datetime,,,1,1
bb23cd45-ef67-4890-9a12-3456789abcde,,,Number of sexual partners of client,Client partners #,Number of sexual partners reported by the client,Question,Numeric,,,1,1
bcdef012-6778-4567-5678-678901234589,,,Number of secondary cases moved to treatment,Cases moved to Rx,Total number of secondary malaria cases moved to treatment during foci investigation,Question,Numeric,,,1,1
be35708f-d6e8-45ff-b563-a0364f148b46,,,Co-infection with HIV and hepatitis B,Co-infect HIV+HBV,Documented HIV and hepatitis B co-infection in a person with chronic hepatitis C.,Finding,N/A,,,1,1
bf0d8e11-c57e-4fd2-9672-d7cc193d9dc8,,,HBV treatment discontinuation reason code 1,HBV disc 1,First local coded reason for discontinuing hepatitis B treatment.,Finding,N/A,,,1,1
bf109068-e3f5-4905-bed4-90da5bb17e81,,,Eligible for antiviral therapy,Eligible for therapy,Clinical decision that the patient meets criteria to start or continue antiviral therapy for hepatitis B.,Question,Coded,1065AAAAAAAAAAAAAAAAAAAAAAAAAAAAAAAA;1066AAAAAAAAAAAAAAAAAAAAAAAAAAAAAAAA,,1,1
bf607182-9304-4fb5-d0c6-1728394a5b6c,,,Cutaneous leishmaniasis case type,CL case type,Case category for cutaneous leishmaniasis episode.,Question,Coded,6a1b2c3d-4e5f-4a60-8b71-c2d3e4f50617;e2930415-2637-42e8-a3f9-4a5b6c7d8e9f,,1,1
bf8034ef-9e34-477c-ae96-440d632ef5bb,,,Current antiviral agent for hepatitis B,HBV antiviral,Antiviral medication selected for hepatitis B treatment at this visit.,Question,Coded,75694AAAAAAAAAAAAAAAAAAAAAAAAAAAAAAA;4b9bdc4a-2d67-4236-9684-6b2d5d7cf5d3;f6f37028-3110-4bf6-910b-d4dd80f82c71;3a121f53-2936-43b7-a7fe-121a9ee751af;7aeaadf2-a0b1-4753-a041-12cd1ca0b98c;182cc777-5fe0-4df4-b8f6-4d83d2f655d5;3d287cb2-9ee7-4e37-830b-d829f2f0b262,,1,1
bf829304-1526-4fb5-f0c6-374859607182,,,Clinical confirmation of cure,Clinical cure confirmation,Cure confirmed using clinical criteria.,Finding,N/A,,,1,1
c0718293-0415-40c6-e1d7-28394a5b6c7d,,,Mucocutaneous leishmaniasis case type,MCL case type,Case category for mucocutaneous leishmaniasis episode.,Question,Coded,6a1b2c3d-4e5f-4a60-8b71-c2d3e4f50617;e2930415-2637-42e8-a3f9-4a5b6c7d8e9f,,1,1
c0930415-2637-40c6-a1d7-485960718293,,,Parasitological confirmation of cure,Parasitological cure confirmation,Cure confirmed using parasitological evidence.,Finding,N/A,,,1,1
c134de56-f078-49a1-ac23-456789abcdef,,,Severe underweight status,Severe underweight,Child is categorized as severe underweight by age-based growth assessment.,Finding,N/A,,,1,1
c201d808-64e2-47c5-a305-0d9752c85f11,,,Co-infection with HIV,Co-infect HIV,Active or documented HIV co-infection in a person with hepatitis B.,Finding,N/A,,,1,1
c2334455-6778-4703-75cd-889900112234,,,Six months isoniazid regimen,6H,Six-month isoniazid monotherapy tuberculosis preventive treatment regimen.,Finding,N/A,,,1,1
c3e5a7c9-4d6f-4c8e-a031-2c4e6a8b0d32,,,Contraction duration category per ten minutes,Contraction duration category,Coded category for contraction duration bands recorded per ten minute interval.,Question,Coded,d4f6b8da-5e7a-4d9f-b142-3d5f7b9c1e43;e5a7c9eb-6f8b-4ea0-c253-4e6a8c0d2f54;f6b8dae1-7a9c-4fb1-d364-5f7b9d1e3a65,,1,2
c4d5e6f7-0819-4a12-d345-e678f9012345,,,Leprosy smear not read,Not read,Leprosy smear specimen prepared but result was not read or not interpretable.,Finding,N/A,,,1,1
c4d5e6f7-0819-4a23-5345-cdef01234567,,,Disability grade two,Grade 2,Disability grade two classification indicating visible deformity or severe disability findings.,Finding,N/A,,,1,1
c4de56f7-7890-4b12-cd34-e567f8901234,,,Pneumococcal conjugate vaccine administration date,PCV date,Date pneumococcal conjugate vaccine dose was administered.,Question,Date,,,1,1
c59f6bcd-0656-47f0-9b22-19bc47420f4d,,,HBV treatment eligibility indication category,HBV indication code,Local categorical indications or eligibility flags for initiating hepatitis B treatment.,Question,Coded,11c454d8-e21d-44b8-9314-7ab373d1995e;d062506c-e50d-40cd-a10e-944b9b064427;ae0d5a27-2c74-48eb-a493-73417a32de18;a9218cf3-6f98-4f4b-b7b4-8a300874369b;6f43baae-c6ed-49b2-91a3-a740cf18560e;401724fd-3d7b-41bc-954d-90472c39f128,,1,1
c5d6e7f8-0912-3456-c5d6-e7f890123456,,,UOGCFUC follow-up visit,UOGCFUC follow-up,Under-five outpatient general care follow-up visit type classification.,Finding,N/A,,,1,1
c6374859-6071-40c6-c1d7-829304152637,,,Pancreatitis adverse effect,Pancreatitis,Pancreatitis documented as treatment adverse effect.,Finding,N/A,,,1,1
c7e9f206-d38a-4b4f-e465-0718293a4b5c,,,Credit payment arrangement,Credit,Service payment arranged on credit for later settlement.,Finding,N/A,,,1,1
c7f730f8-ee6c-448a-a0ff-47ad478d49ae,,,HBV follow-up status code 4,HBV FU 4,Fourth local coded follow-up status for hepatitis B register.,Finding,N/A,,,1,1
cad12345-d456-4178-c39a-e123456789ab,,,Nutritional screening assessment date,Nutrition screen date,Date nutritional screening assessment was performed for the client.,Question,Date,,,1,1
cc34de56-f078-49a1-ab23-456789abcdef,,,HIV testing status for cervical screening,HIV testing status,HIV testing status recorded at cervical screening intake,Question,Coded,1067AAAAAAAAAAAAAAAAAAAAAAAAAAAAAAAA;dd45ef67-0189-4ab2-bc34-56789abcdef0,,1,1
cce795b1-a6c5-4861-86a4-f263189b8bd8,,,Prior hepatitis C treatment history,Prior HCV treatment,Whether the patient received prior hepatitis C treatment before this register episode.,Question,Coded,1065AAAAAAAAAAAAAAAAAAAAAAAAAAAAAAAA;1066AAAAAAAAAAAAAAAAAAAAAAAAAAAAAAAA,,1,1
cdef0123-7889-4678-6789-789012345690,,,Foci investigation completed,Foci Ix done,Question asking whether the malaria foci investigation was completed,Question,Coded,1065AAAAAAAAAAAAAAAAAAAAAAAAAAAAAAAA;1066AAAAAAAAAAAAAAAAAAAAAAAAAAAAAAAA,,1,1
d062506c-e50d-40cd-a10e-944b9b064427,,,HBV treatment indication code 2,HBV ind 2,Second coded treatment indication or eligibility reason in local hepatitis B register.,Finding,N/A,,,1,1
d1041526-3748-41d7-b2e8-596071829304,,,Date of discharge from treatment center,Discharge date,Date patient was discharged from treatment center.,Question,Date,,,1,1
d1829304-1526-41d7-f2e8-394a5b6c7d8e,,,Primary leishmaniasis episode,Primary leishmaniasis,Primary first documented episode of leishmaniasis.,Finding,N/A,,,1,1
d245ef67-0189-4ab2-bd34-56789abcdef0,,,Height for age growth monitoring category,Height for age GMP,Height for age category used in growth monitoring and promotion workflows.,Question,Coded,f1a2b3c4-d5e6-47f8-89a0-b1c2d3e4f502;164085AAAAAAAAAAAAAAAAAAAAAAAAAAAAAA;164086AAAAAAAAAAAAAAAAAAAAAAAAAAAAAA,,1,1
d2f4a7b1-8c35-46ea-9f10-b2c3d4e5f607,,,Physical function-related disability,Physical disability,Patient has or is documented as having disability primarily related to physical function for inclusive care records.,Finding,N/A,,,1,1
d3445566-7889-4814-86de-990011223345,,,Tuberculosis register dose details,TB dose details,Dose details or dose note recorded in tuberculosis register context for TPT follow-up.,Question,Text,,,1,1
d4e5f607-1823-4012-def0-123456789034,,,Age in years,Age (years),Patient age in years at the time of registration or visit,Question,Numeric,,,1,1
d4e5f607-1829-4dab-ce34-f5670a1b2c23,,,Extrapulmonary tuberculosis diagnosis,EP TB,Index or contact diagnosed with extrapulmonary tuberculosis.,Finding,N/A,,,1,1
d4f6b8da-5e7a-4d9f-b142-3d5f7b9c1e43,,,Contraction duration 0 to 20 seconds,0-20 sec,Contraction duration band from zero to twenty seconds.,Finding,N/A,,,1,1
d5e6f708-192a-4b23-e456-f78901234567,,,Laboratory identification number,Lab no.,Laboratory identification number used for specimen or diagnostic record tracking.,Question,Numeric,,,1,1
d5e6f708-192a-4b34-6456-def012345678,,,Leprosy treatment start date,Leprosy Rx start date,Date when leprosy treatment was started for the registered patient.,Question,Date,,,1,1
d5ef6789-8901-4c23-de45-f67890123456,,,Rotavirus vaccine administration date,Rota date,Date rotavirus vaccine dose was administered.,Question,Date,,,1,1
d6e7f809-1234-5678-d6e7-f80912345678,,,Temperature reading abnormal,Temperature abnormal,Coded yes/no question indicating whether the temperature reading is clinically abnormal.,Question,Coded,1065AAAAAAAAAAAAAAAAAAAAAAAAAAAAAAAA;1066AAAAAAAAAAAAAAAAAAAAAAAAAAAAAAAA,,1,2
d72b05b4-f5db-4f43-b7df-9403e35147ea,,,Hepatitis B care follow-up status,HBV follow-up status,Overall follow-up or outcome status of the patient in the hepatitis B treatment program.,Question,Coded,b64448e0-482d-49bc-98c8-67a2a27b98b6;e813a226-373c-488f-850e-9e4b3ac16313;d99d4056-fa8f-4869-a371-5e604ad002b5;c7f730f8-ee6c-448a-a0ff-47ad478d49ae;8d1149c0-ff62-452a-b295-ae254e1876e3;87606a08-2e4d-48d8-9d8b-5b15ff3a4f5e;63d7303b-be32-4a7e-b03e-95edbdaa35fc,,1,1
d7485960-7182-41d7-d2e8-930415263748,,,Nephrotoxicity adverse effect,Nephrotoxicity,Nephrotoxicity documented as treatment adverse effect.,Finding,N/A,,,1,1
d8f0a317-e49b-4c50-f576-18293a4b5c6d,,,Cash payment arrangement,Cash,Service payment made in cash at point of service.,Finding,N/A,,,1,1
d99d4056-fa8f-4869-a371-5e604ad002b5,,,HBV follow-up status code 3,HBV FU 3,Third local coded follow-up status for hepatitis B register.,Finding,N/A,,,1,1
db234567-e567-4289-d4ab-f23456789abc,,,Screened and linked to child nutrition support service,Linked to nutrition support,Whether the client was screened and linked to child nutrition support service.,Question,Coded,1065AAAAAAAAAAAAAAAAAAAAAAAAAAAAAAAA;1066AAAAAAAAAAAAAAAAAAAAAAAAAAAAAAAA,,1,1
dd45ef67-0189-4ab2-bc34-56789abcdef0,,,HIV chart status available for entry,HIV chart status entry,HIV test was performed and chart status should be entered as reactive or non-reactive,Question,Coded,1228AAAAAAAAAAAAAAAAAAAAAAAAAAAAAAAA;1229AAAAAAAAAAAAAAAAAAAAAAAAAAAAAAAA,,1,1
def01234-8990-4789-789a-890123456701,,,Referred for treatment,Referred,Patient referred to another facility or service for further treatment,Finding,N/A,,,1,1
e2152637-4859-42e8-c3f9-607182930415,,,Skin test result for leishmaniasis,Skin test result,Skin test result category for leishmaniasis.,Question,Coded,703AAAAAAAAAAAAAAAAAAAAAAAAAAAAAAAAA;664AAAAAAAAAAAAAAAAAAAAAAAAAAAAAAAAA;f3263748-5960-43f9-d40a-718293041526,,1,1
e2930415-2637-42e8-a3f9-4a5b6c7d8e9f,,,Relapse episode of leishmaniasis,Leishmaniasis relapse,Relapse of previously treated leishmaniasis episode.,Finding,N/A,,,1,1
e356f078-129a-4bc3-ce45-6789abcdef01,,,Vitamin A supplementation dose one date,VAS dose 1 date,Date when first vitamin A supplementation dose was administered in the register period.,Question,Date,,,1,1
e3a5b8c2-9d46-47fb-a021-c3d4e5f60718,,,Psychological or psychosocial disability,Psychosocial disability,Patient has or is documented as having disability primarily related to psychological or psychosocial function for inclusive care records.,Finding,N/A,,,1,1
e4556677-8990-4925-97ef-a00112233456,,,Tuberculosis preventive treatment follow-up date,TPT follow-up date,Date for follow-up assessment during tuberculosis preventive treatment course.,Question,Date,,,1,1
e5a7c9eb-6f8b-4ea0-c253-4e6a8c0d2f54,,,Contraction duration 20 to 40 seconds,20-40 sec,Contraction duration band from twenty to forty seconds.,Finding,N/A,,,1,1
e5f60718-2934-4123-ef01-234567890145,,,Pregnancy status at malaria case registration,Pregnancy status (malaria),Current pregnancy status of the patient at time of registration or visit,Question,Coded,f6071829-3a4b-4234-f012-345678901256;07182940-4b5c-4345-0123-456789012367;1067AAAAAAAAAAAAAAAAAAAAAAAAAAAAAAAA,,1,1
e5f60718-293a-4ebc-df45-0a1b2c3d4e34,,,Drug susceptibility test classification for index tuberculosis patient,Index DST class,DST classification of the index tuberculosis patient in the contact screening register.,Question,Coded,f6071829-3a4b-4fcd-e056-1b2c3d4e5f45;0718293a-4b5c-40de-f167-2c3d4e5f6078;3b0106c0-bc4b-5bf5-a7c9-7869d3ee3033;e3de3f5d-bd2b-42de-8d07-8b15056d96f6;6ed306d8-c0c7-4573-9366-df111f8f56cd;dd690053-0020-47b2-9d67-37f1071fa465,,1,1
e6f70819-2a3b-4c34-f567-890123456789,,,Leprosy registration category based on treatment history,Leprosy reg category,Programmatic leprosy patient category based on treatment history at registration.,Question,Coded,6a1b2c3d-4e5f-4a60-8b71-c2d3e4f50617;160033AAAAAAAAAAAAAAAAAAAAAAAAAAAAAA;f708192a-3b4c-4d45-8678-90123456789a;08192a3b-4c5d-4e56-9789-0123456789ab;160563AAAAAAAAAAAAAAAAAAAAAAAAAAAAAA;192a3b4c-5d6e-4f67-a89a-123456789abc,,1,1
e6f70819-2a3b-4c45-7567-ef0123456789,,,Total number of household contacts for leprosy case,Household contacts total,Total number of household contacts recorded for the leprosy index patient.,Question,Numeric,,,1,1
e6f78901-9012-4d34-ef56-a78901234567,,,Total tetanus diphtheria doses received,Total Td doses,Total number of tetanus diphtheria containing doses received by a woman.,Question,Numeric,,,1,1
e7f89012-3456-7890-e7f8-901234567890,,,Presenting complaint narrative,Presenting complaint,Free text narrative of presenting complaint or chief reason for the clinic visit.,Question,Text,,,1,1
e813a226-373c-488f-850e-9e4b3ac16313,,,HBV follow-up status code 2,HBV FU 2,Second local coded follow-up status for hepatitis B register.,Finding,N/A,,,1,1
e8596071-8293-42e8-e3f9-041526374859,,,Hepatotoxicity adverse effect,Hepatotoxicity,Hepatotoxicity documented as treatment adverse effect.,Finding,N/A,,,1,1
e9a1b428-f5ac-4d61-a687-293a4b5c6d7e,,,Donation-supported service payment,Donation,Service cost covered through donation or charitable support.,Finding,N/A,,,1,1
eaffbc74-f440-46ed-9e76-a5537bed977e,,,HCV register follow-up status code 1,HCV FU 1,First local coded follow-up status for hepatitis C treatment register.,Finding,N/A,,,1,1
ec88d3af-82e2-4cbe-99d4-25f6d751f73a,,,Chronic hepatitis B clinical category I,HBV stage I,First category in local chronic hepatitis B clinical staging scale.,Finding,N/A,,,1,1
ee56f078-129a-4bc3-cd45-6789abcdef01,,,Targeted examination checklist at cervical screening,Exam checklist,Checklist of selected focused examination findings documented during cervical screening encounter,Question,Coded,ff670189-23ab-4cd4-de56-789abcdef012;0a78129a-34bc-4de5-ef67-89abcdef0123,,1,1
f01d90be-c346-4702-83e6-f57833084338,,,HCV treatment follow-up week 8,FU week 8,Follow-up visit at week 8 in local hepatitis C treatment protocol.,Finding,N/A,,,1,1
f2424fd9-d0ad-4c6b-92a2-b92db6fde419,,,HCV treatment follow-up visit week,HCV FU week,Scheduled or attended protocol week for hepatitis C treatment follow-up.,Question,Coded,82c3a519-cbfe-463a-81b5-8ebc4ba4ea69;a481b402-55d7-49a3-b9fa-4da93a4eee6a;f01d90be-c346-4702-83e6-f57833084338;08776c46-63fe-4845-8c9e-c922ba5044fb,,1,1
f3041526-3748-43f9-b40a-5b6c7d8e9f0a,,,Post-kala-azar dermal leishmaniasis,PKDL,Post-kala-azar dermal leishmaniasis classification.,Finding,N/A,,,1,1
f3263748-5960-43f9-d40a-718293041526,,,Inconclusive laboratory result,Inconclusive,Inconclusive laboratory result category.,Finding,N/A,,,1,1
f3e0c1c4-2a74-4ad9-9cf7-4d673af69210,,,Hepatitis C co-infection category (HIV and or HBV),HCV co-infection,"Co-infection classification for chronic hepatitis C register (HIV, hepatitis B, both, or other).",Question,Coded,c201d808-64e2-47c5-a305-0d9752c85f11;b006c864-03e3-4d2a-831c-4b6b4385cea9;be35708f-d6e8-45ff-b563-a0364f148b46;5622AAAAAAAAAAAAAAAAAAAAAAAAAAAAAAAA,,1,1
f4670189-23ab-4cd4-df56-789abcdef012,,,Vitamin A supplementation dose two date,VAS dose 2 date,Date when second vitamin A supplementation dose was administered in the register period.,Question,Date,,,1,1
f4b6c9d3-a057-481c-b132-d4e5f6071829,,,Assistive technology service delivered,AT service delivered,Free text description of assistive technology service delivered during the visit.,Question,Text,,,1,1
f5667788-9001-4a36-a8f0-b11223344567,,,Tuberculosis preventive treatment outcome,TPT outcome,Outcome status of tuberculosis preventive treatment course for the contact.,Question,Coded,160035AAAAAAAAAAAAAAAAAAAAAAAAAAAAAA;160031AAAAAAAAAAAAAAAAAAAAAAAAAAAAAA;160034AAAAAAAAAAAAAAAAAAAAAAAAAAAAAA;07182930-0112-4b47-b901-c22334455678;160737AAAAAAAAAAAAAAAAAAAAAAAAAAAAAA;5622AAAAAAAAAAAAAAAAAAAAAAAAAAAAAAAA,,1,1
f6071829-3a4b-4234-f012-345678901256,,,Currently pregnant at malaria case registration,Pregnant (malaria),Patient is currently pregnant at time of assessment,Finding,N/A,,,1,1
f6071829-3a4b-4fcd-e056-1b2c3d4e5f45,,,No rifampicin resistance on tuberculosis register,No RR TB,Index DST indicates no rifampicin resistance in tuberculosis register context.,Finding,N/A,,,1,1
f6b8dae1-7a9c-4fb1-d364-5f7b9d1e3a65,,,Contraction duration greater than 40 seconds,Over 40 sec,Contraction duration band greater than forty seconds.,Finding,N/A,,,1,1
f6f37028-3110-4bf6-910b-d4dd80f82c71,,,HBV antiviral regimen code 2,HBV rx code 2,Second local coded antiviral regimen option for hepatitis B register.,Finding,N/A,,,1,1
f708192a-3b4c-4d45-8678-90123456789a,,,Leprosy treatment after failure category,Tx after failure,Treatment history category for leprosy patient registered after documented treatment failure.,Finding,N/A,,,1,1
f708192a-3b4c-4d56-8678-f0123456789a,,,Number of household contacts screened for leprosy at diagnosis,Household contacts screened,Count of household contacts screened for leprosy at time of diagnosis.,Question,Numeric,,,1,1
f8091234-5678-9012-f809-123456789012,,,Respiratory rate reading abnormal,RR abnormal,Coded yes/no question indicating whether the respiratory rate reading is clinically abnormal.,Question,Coded,1065AAAAAAAAAAAAAAAAAAAAAAAAAAAAAAAA;1066AAAAAAAAAAAAAAAAAAAAAAAAAAAAAAAA,,1,2
f8658dd1-6599-48d7-835c-111c28e7a6dd,,,Chronic hepatitis B clinical category III,HBV stage III,Third category in local chronic hepatitis B clinical staging scale.,Finding,N/A,,,1,1
f9607182-9304-43f9-f40a-152637485960,,,VL treatment regimen category,VL regimen,Treatment regimen selected for visceral leishmaniasis.,Question,Coded,0a718293-0415-440a-a51b-263748596071;1b829304-1526-451b-b62c-374859607182;2c930415-2637-462c-c73d-485960718293;3d041526-3748-473d-d84e-596071829304,,1,1
fa21bc34-de56-4890-a7b8-c9de0f123456,,,Antenatal care documentation narrative,ANC documentation,Free text narrative for antenatal or antepartum care documentation visit summary or longitudinal register entry,Question,Text,,,1,1
ff670189-23ab-4cd4-de56-789abcdef012,,,Icterus present on examination,Icterus,Clinical finding of icterus present on focused physical examination,Finding,N/A,,,1,1
