Uuid,Void/Retire,Same as mappings,Fully specified name:en,Short name:en,Description:en,Data class,Data type,Answers,Members,_version:6,_order:1
e5f60718-293a-4ebc-df45-0a1b2c3d4e34,,,Drug susceptibility test classification for index tuberculosis patient,Index DST class,DST classification of the index tuberculosis patient in the contact screening register.,Question,Coded,f6071829-3a4b-4fcd-e056-1b2c3d4e5f45;0718293a-4b5c-40de-f167-2c3d4e5f6078;3b0106c0-bc4b-5bf5-a7c9-7869d3ee3033;e3de3f5d-bd2b-42de-8d07-8b15056d96f6;6ed306d8-c0c7-4573-9366-df111f8f56cd;dd690053-0020-47b2-9d67-37f1071fa465,,1,2
82930415-2637-4c82-ed93-4e5f60718293,,,Concomitant opportunistic infections,Concomitant OI,Opportunistic or co-existing infections documented with current diagnosis.,Question,Coded,18c7d8e9-eafb-82ff-45cc-7b43cef60b29;233AAAAAAAAAAAAAAAAAAAAAAAAAAAAAAAAA;93041526-3748-4d93-fea4-5f6071829304;b4634d4e-f379-4136-a1a0-0c17555f8d65;5622AAAAAAAAAAAAAAAAAAAAAAAAAAAAAAAA,,1,2
f1ac86a2-5934-49c5-aecc-16426e6b1d59,,,Underweight (BMI band),Underweight,BMI below 18.5 kg/m2,Finding,N/A,,,1,1
ad106589-fb33-4ce5-9159-0cf793996bce,,,Healthy weight (BMI band),Healthy weight,BMI 18.5-24.9 kg/m2,Finding,N/A,,,1,1
590a7581-714a-4b47-a1c9-712501889e44,,,Overweight (BMI band),Overweight,BMI 25.0-29.9 kg/m2 (pre-obesity),Finding,N/A,,,1,1
9f2f66bf-dc75-47ac-b201-c891a9d5bbd6,,,Obese (BMI band),Obese,BMI 30.0 or more kg/m2,Finding,N/A,,,1,1
dbb84962-8aa9-4d7a-806d-d1d1b356d1fb,,,Glomerular disease (CKD cause),Glomerular disease,Glomerular diseases as a cause of CKD,Finding,N/A,,,1,1
255b89fc-8a01-4dae-90b3-613d65bb76bb,,,BMI category (triage),BMI Category,Adult BMI classification (auto-calculated),Question,Coded,f1ac86a2-5934-49c5-aecc-16426e6b1d59;ad106589-fb33-4ce5-9159-0cf793996bce;590a7581-714a-4b47-a1c9-712501889e44;9f2f66bf-dc75-47ac-b201-c891a9d5bbd6,,1,2
89841663-c7c8-4aa2-a9c6-cb4a265fbced,,,Known or likely cause of CKD,Cause of CKD,,Question,Coded,dbb84962-8aa9-4d7a-806d-d1d1b356d1fb;d6ec1058-6e4b-4b9e-a87b-e9d9ec0eb070;c8a09cc0-6984-5b65-b2e3-645a9453f278;b5af80be-698f-45a2-905a-538d8a1f08ec,,1,2
a1ee71ae-0a4d-4944-83fe-d8e067e4f7a0,,,Disability-inclusive screening category,,,Question,Coded,12fd5e41-59f8-4a55-8a36-3d3ceb401006;7019aea1-fb85-4bcd-9c55-b2ca8d7bb282;831a4037-2511-4c35-b483-2579aefb9675;94c5cf7f-68d9-49a9-afe0-8f5574bc5f78;9adf601a-95f9-4598-8ec1-32463494f316;d2f4a7b1-8c35-46ea-9f10-b2c3d4e5f607;e3a5b8c2-9d46-47fb-a021-c3d4e5f60718,,1,2
cee955aa-88b9-4fee-ab86-95c08346eff7,,,Invasive cervical cancer treatment services,,,Question,Coded,161174AAAAAAAAAAAAAAAAAAAAAAAAAAAAAA;5622AAAAAAAAAAAAAAAAAAAAAAAAAAAAAAAA;658b7ae6-77fa-4e7e-8e75-33d25f60b4bf;a6900a27-b1aa-4575-abc4-f8169f21668f;bde1ee15-0ebb-484e-a465-2a4463f0d521;c1f4e8a2-9b3d-4c6e-8f71-0a2b3c4d5e6f;c73e0ce6-ab51-4a65-a473-38622ec77d7d;c9344894-7344-4397-bc41-2da21aec3dcf,,1,2
a02ce6e6-df4a-47af-a761-4345c4ab2cbf,,,Reason for referral from cervical screening,,,Question,Coded,162810AAAAAAAAAAAAAAAAAAAAAAAAAAAAAA;162812AAAAAAAAAAAAAAAAAAAAAAAAAAAAAA;164805AAAAAAAAAAAAAAAAAAAAAAAAAAAAAA;5622AAAAAAAAAAAAAAAAAAAAAAAAAAAAAAAA;5fcd67ef-8901-434a-e4bc-def012345678;7bef8901-a123-456c-067d-f0123456789a;8cf09a12-b234-467d-178e-0123456789ab;9648ea7b-c8ff-46e9-a438-b66ba3fd122d;a0569b12-4323-44a3-97a5-83f00aececc4;d820b416-4268-43e6-a003-ba3ecd64d97b,,1,2
8b3c4d5e-6f70-8901-bcde-f23456789222,,,Malnutrition Edema grading,,,Question,Coded,1498AAAAAAAAAAAAAAAAAAAAAAAAAAAAAAAA;1499AAAAAAAAAAAAAAAAAAAAAAAAAAAAAAAA;1500AAAAAAAAAAAAAAAAAAAAAAAAAAAAAAAA;54d6e7f8-9a0b-1c2d-3e4f-567890123456;65e7f890-ab1c-2d3e-4f56-78901234567a;76f89012-bc3d-4e5f-6789-012345678abc,,1,2
0d4e5f60-7182-901c-3456-789abcdef012,,,Dermatosis grading assessment,,,Question,Coded,1498AAAAAAAAAAAAAAAAAAAAAAAAAAAAAAAA;1499AAAAAAAAAAAAAAAAAAAAAAAAAAAAAAAA;1500AAAAAAAAAAAAAAAAAAAAAAAAAAAAAAAA;54d6e7f8-9a0b-1c2d-3e4f-567890123456;65e7f890-ab1c-2d3e-4f56-78901234567a;76f89012-bc3d-4e5f-6789-012345678abc,,1,2
2ecf630a-a156-4883-a3a0-4051e1a9cdd4,,,Child DNA PCR Test Result,,,Question,Coded,1067AAAAAAAAAAAAAAAAAAAAAAAAAAAAAAAA;1118AAAAAAAAAAAAAAAAAAAAAAAAAAAAAAAA;664AAAAAAAAAAAAAAAAAAAAAAAAAAAAAAAAA;703AAAAAAAAAAAAAAAAAAAAAAAAAAAAAAAAA,,1,2
9637081a-6071-8901-2345-678901abcd0c,,,Gestation status,,,Question,Coded,0748192b-7182-9012-3456-789012abcd0d;1859203c-8293-0123-4567-890123abcd0e;2960314d-9304-1234-5678-901234abcd0f;5622AAAAAAAAAAAAAAAAAAAAAAAAAAAAAAAA,,1,2
a192b3c4-d5e6-f789-0123-456789abcdef,,,Reason for LAFP removal,,,Question,Coded,0758697b-2192-012d-7456-89def0123456;160571AAAAAAAAAAAAAAAAAAAAAAAAAAAAAA;1778AAAAAAAAAAAAAAAAAAAAAAAAAAAAAAAA;1869708c-3203-123e-8567-9ef012345678;2970819d-4314-234f-9678-0ef123456789;5622AAAAAAAAAAAAAAAAAAAAAAAAAAAAAAAA;9647586a-1081-901c-6345-789cdef01234,,1,2
0d5e6f70-8192-0123-def4-456789012345,,,Place where LAFP was received,,,Question,Coded,1536AAAAAAAAAAAAAAAAAAAAAAAAAAAAAAAA;1537AAAAAAAAAAAAAAAAAAAAAAAAAAAAAAAA;1538AAAAAAAAAAAAAAAAAAAAAAAAAAAAAAAA;1e6f7081-9203-1234-ef56-789012345abc;2f708192-a314-2345-f678-90123456bcde;3081920a-b425-3456-0789-123456cdefab;4192031b-c536-4567-1890-23456defabcd;5203142c-d647-5678-2901-3456efabcdef,,1,2
5704f76a-c13f-4d7c-af72-225f505c0c82,,,Response,,Response,Question,Coded,1107AAAAAAAAAAAAAAAAAAAAAAAAAAAAAAAA;162677AAAAAAAAAAAAAAAAAAAAAAAAAAAAAA;20048f20-0064-4b82-a5d7-133c960c4dbd;46969e18-a3c4-4fcc-ba87-907917ac0986;703AAAAAAAAAAAAAAAAAAAAAAAAAAAAAAAAA;75df7778-830f-4c9c-8b50-5cf9fbd4105e;b6d89254-f3a6-43b6-b9cf-97d9354044f3;b87a721f-7f2f-4304-93bd-93b5cbc81e35;162679AAAAAAAAAAAAAAAAAAAAAAAAAAAAAA;fa510000-0000-4000-8000-000000000003,,1,2
f75ef962-87dc-498d-aac7-425ac8636e1f,,,Birth Outcome Status,,,Question,Coded,2822b307-53d0-46cf-a315-cd133fabee52;f9f61a63-bf3e-43ac-947b-ab8524e4dde6;2822b307-53d0-46cf-a315-cd133fabee52;2db638fe-fb8e-4a4d-b372-d1996492230c;f9f61a63-bf3e-43ac-947b-ab8524e4dde6,,1,2
13e21f69-e825-4bb0-8740-f33f530ec613,,,Service Requested,,,Question,Coded,167410AAAAAAAAAAAAAAAAAAAAAAAAAAAAAA;ad75942d-3911-4440-9b94-de65112ce126;d8176d1b-1234-11ee-be56-0242ac120002;d8176d1b-1234-11ee-be56-0242ac120003;d8176d1b-1234-11ee-be56-0242ac120004;d8176d1b-1234-11ee-be56-0242ac120005;d8176d1b-1234-11ee-be56-0242ac120007;d8176d1b-1234-11ee-be56-0242ac120008;d8176d1b-1234-11ee-be56-0242ac120009;d8176d1b-1234-11ee-be56-0242ac120010;d8176d1b-1234-11ee-be56-0242ac120011;d8176d1b-1234-11ee-be56-0242ac120012;d8176d1b-1234-11ee-be56-0242ac120013;d8176d1b-1234-11ee-be56-0242ac120014;d8176d1b-1234-11ee-be56-0242ac120015;d8176d1b-1234-11ee-be56-0242ac120016;d8176d1b-1234-11ee-be56-0242ac120017,,1,2
56d1a25a-afe5-4778-aa0b-09352c261148,,,Airway and breathing problems,,,Question,Coded,8de0211b-6cae-474e-8e86-8b6325627679;2ea8d091-3b80-4289-aeee-f0fe8a7d56ce;58566778-8990-6782-0126-c23456789a12;892f9568-5086-4148-af4c-7d14f7d2cfe8;c62f1cd1-897c-456a-867c-71bc2e0c1677,,1,2
ec858446-3c75-41e8-8a50-e84c3fc3a3b3,,,AVPU responsiveness level,,,Question,Coded,162644AAAAAAAAAAAAAAAAAAAAAAAAAAAAAA;162645AAAAAAAAAAAAAAAAAAAAAAAAAAAAAA;9694701e-109a-41d3-8adb-8f07670fbcb5;b9190517-408c-4898-b4e9-035d742fe97d,,1,2
aaa42cc4-2d7c-4cf3-8f5f-9babc5de297b,,,Other emergency signs,,,Question,Coded,132338AAAAAAAAAAAAAAAAAAAAAAAAAAAAAA;147241AAAAAAAAAAAAAAAAAAAAAAAAAAAAAA;cc1fc145-41f6-4c9c-acc1-45e3599781fd,,1,2
d684d4ae-33b5-4c8d-a344-eea8945ee538,,,Triage priority signs 3P,,,Question,Coded,0bcd3813-27dc-4f78-8d37-151f693500ee;163477AAAAAAAAAAAAAAAAAAAAAAAAAAAAAA;7dd9e0f1-5a2b-345c-789d-678901234567,,1,2
0d199a3c-a624-40fa-85cb-66825da8fc45,,,Triage priority signs 3R,,,Question,Coded,127639AAAAAAAAAAAAAAAAAAAAAAAAAAAAAA;843b93f3-303a-4358-ae57-0ef855b5e79a;ad5d211b-1701-4cd0-b55b-dd681598ddc6,,1,2
3e745228-31ab-48e0-b020-b34b5cb8a16d,,,Triage priority signs MOB,,,Question,Coded,45bb0b1a-0159-4cd6-8855-af08e89521a7;c8c3d3cb-30e5-4e6b-980c-b78bfa289e1f;d1bb1ba2-c7f8-43cf-ac13-46ef76b9800e;f4df0ad5-bbac-4b6d-81c5-2dbecd88ee1b,,1,2
c0a51001-0000-4000-8000-000000000004,,,Chief complaint category,,,Question,Coded,a1cda413-7322-4fa4-b163-0710b50f18ca;3faf0630-c208-4b15-8ba1-ca94585b6d52;2d0f2789-d951-4c00-bb7e-ed507cd256e0;6386672b-1a48-53cf-9619-6620b5088ca9;f6fdeddf-1888-49eb-bc91-b05fb13105a6;120749AAAAAAAAAAAAAAAAAAAAAAAAAAAAAA;122983AAAAAAAAAAAAAAAAAAAAAAAAAAAAAA;139084AAAAAAAAAAAAAAAAAAAAAAAAAAAAAA;140238AAAAAAAAAAAAAAAAAAAAAAAAAAAAAA;88492f77-c6d1-48e9-850a-1f87ebe7b3b8;142412AAAAAAAAAAAAAAAAAAAAAAAAAAAAAA;143264AAAAAAAAAAAAAAAAAAAAAAAAAAAAAA;151AAAAAAAAAAAAAAAAAAAAAAAAAAAAAAAAA;ac87d80e-0c6b-5b79-b274-bfa75809467d;160689AAAAAAAAAAAAAAAAAAAAAAAAAAAAAA;bb20207d-9776-4749-b1c7-760b2afeb3e4;4ad696eb-4426-4cf7-948b-48ef70a7749d;5622AAAAAAAAAAAAAAAAAAAAAAAAAAAAAAAA;61587f91-8a80-4359-a91c-8264be4ac3d1;b6c7e832-6ac3-42fa-9886-eb3213e90a89;c9520082-199d-42f7-9d97-8fe1c5760aff;dab2cb8a-f42f-46a6-9a98-dbe9d0a8b21a;fa432089-99ca-4d65-b6dd-c3d7361f3688,,1,2
58293041-2536-4567-8901-234567123456,,,Male Partner HIV Status,,,Question,Coded,1067AAAAAAAAAAAAAAAAAAAAAAAAAAAAAAAA;664AAAAAAAAAAAAAAAAAAAAAAAAAAAAAAAAA;703AAAAAAAAAAAAAAAAAAAAAAAAAAAAAAAAA,,1,2
b79096db-76a5-4fd8-9869-9e99dad3c3f5,,,New or Worsening Symptoms since last visit (Select all that apply),,,Question,Coded,1107AAAAAAAAAAAAAAAAAAAAAAAAAAAAAAAA;7534a137-1a5e-4172-a739-c5111e057d22;5a5a924e-801c-4690-9e14-830f04dc9bda;6c2096b3-bc3d-4788-a9b2-10f71091f1c1;70b04504-e217-4ff4-8a0e-aac388e1d418;7534a137-1a5e-4172-a739-c5111e057d22;987831ed-45fc-41b3-b739-6900797b4d70,,1,2
92f602c6-7519-4aa5-ba19-dead60db841e,,,Complications Noted on Echo/ECG,,,Question,Coded,128125AAAAAAAAAAAAAAAAAAAAAAAAAAAAAA;243cff61-685c-415e-a7cf-b9931eb5326d;243cff61-685c-415e-a7cf-b9931eb5326d;609dbca3-fa34-461a-97a1-c62d76de62a0;938dde2b-9183-42bd-ad61-5b48649b46f5,,1,2
1880f095-b88c-4b90-ae1e-3d78023d7cfe,,,Outcome of CAC/PAC,,,Question,Coded,160429AAAAAAAAAAAAAAAAAAAAAAAAAAAAAA;160432AAAAAAAAAAAAAAAAAAAAAAAAAAAAAA;67c00dc0-fd8e-4db0-bc72-7ceebe59d3ce,,1,2
b997078c-1614-46bd-89ba-202988064651,,,Newborn complications observed,,,Question,Coded,1065AAAAAAAAAAAAAAAAAAAAAAAAAAAAAAAA;1066AAAAAAAAAAAAAAAAAAAAAAAAAAAAAAAA;39f9101f-791f-4558-bb26-616251283bd8;5622AAAAAAAAAAAAAAAAAAAAAAAAAAAAAAAA;60600744-cb4d-4d85-b0a4-9dded5240494;a60de0d2-ddd3-431a-87d9-b117da4a2494;a76118c6-f3fb-4bf9-a374-50136a2564a3;bade3381-08b2-45d8-ac46-b1fbdb0ebd98;e13b3779-8d02-4fef-b46d-8bae5a6796e8,,1,2
b8d2d2e4-ca50-4b07-a305-9471fd032420,,,Maternal Complications,,,Question,Coded,0cb43949-23a6-4d3e-8351-fdc110de5af3;1065AAAAAAAAAAAAAAAAAAAAAAAAAAAAAAAA;1066AAAAAAAAAAAAAAAAAAAAAAAAAAAAAAAA;275bbf5f-a454-4298-b17e-1adc52b65980;5622AAAAAAAAAAAAAAAAAAAAAAAAAAAAAAAA;6205d48e-5ed4-42c5-b8ff-8bace1d1e59f;62db14e7-70a9-4a91-b624-23d1857e8979;d6f769ab-a538-4c6b-9492-5fa02a773334;fd5769b8-1443-471a-963d-8fa5fe8aa759,,1,2
d0b1c2d3-4e5f-6789-8abc-def01234567a,,,Maternal death occurred at,,,Question,Coded,1178AAAAAAAAAAAAAAAAAAAAAAAAAAAAAAAA;1179AAAAAAAAAAAAAAAAAAAAAAAAAAAAAAAA;1180AAAAAAAAAAAAAAAAAAAAAAAAAAAAAAAA;d0b1c2d3-4e5f-6789-8abc-def01234567b;d0b1c2d3-4e5f-6789-8abc-def01234567c;d0b1c2d3-4e5f-6789-8abc-def01234567d,,1,2
7415869c-4859-6789-0123-456789abcd14,,,Membrane status,,,Question,Coded,0748192f-7182-9012-3456-789012abcd17;1067AAAAAAAAAAAAAAAAAAAAAAAAAAAAAAAA;15d529e0-2f29-48b5-bc41-5ade28396910;8526970d-5960-7890-1234-567890abcd15;9637081e-6071-8901-2345-678901abcd16;a6d00512-9786-45d6-8886-be160acfd5d4,,1,2
ddf1c092-3e84-4504-bbec-4c349ea65acf,,,Transfusion reaction signs and symptoms,,,Question,Coded,0eae7e68-64d4-4c29-964a-77daedfc70d3;1daf6c10-0922-42d1-8dd3-9db431cb5d8e;1fd987dc-176c-4286-bfe8-d3e7e7de499d;2076ad1e-bea7-4db0-920c-7a132ca6f57c;2d705635-6e1c-4bca-8f40-82fb9c1045fb;71ba7041-0d42-4681-a2d7-436aeada3b07;7cf66522-fde4-446b-bff2-d1a961759cc5;7f05962f-b23a-4069-9c71-735552162678;8cc28937-1f74-48ee-9251-de2bd4750828;a73f4ac3-2c57-44a3-9169-c035eef3c156;dce29eb3-653d-455f-94e9-c99c4871ed97,,1,2
d0b6243f-5ab7-7e9d-cf40-b23a6e5d8f74,,,d0b6243f-5ab7-7e9d-cf40-b23a6e5d8f74,,,Question,Coded,112141AAAAAAAAAAAAAAAAAAAAAAAAAAAAAA;114100AAAAAAAAAAAAAAAAAAAAAAAAAAAAAA;b0ae6879-c107-4a1f-abdb-529264e6534a;117829AAAAAAAAAAAAAAAAAAAAAAAAAAAAAA;1294AAAAAAAAAAAAAAAAAAAAAAAAAAAAAAAA;66f56c86-f437-4835-9da2-0255cfb5c20a;142412AAAAAAAAAAAAAAAAAAAAAAAAAAAAAA;8de11e40-ac68-49a3-84c5-cd8e269da7fa;5622AAAAAAAAAAAAAAAAAAAAAAAAAAAAAAAA;eadc5c22-cd43-4897-a28f-5b54e55ab176,,1,2
a480b4cd-90d9-4e1d-a677-bbfe1ab5fe93,,,Group Type,,,Question,Coded,163313AAAAAAAAAAAAAAAAAAAAAAAAAAAAAA;186ce776-7ae1-4db7-b988-6821b38d52ed;22b21608-0ac9-414a-be62-3f7d8d80edf1;38643601-2ba8-42e1-9e2a-48e1d39fd9c1;3d8bf874-8a71-4922-b8ec-a2442cd9ba68;5622AAAAAAAAAAAAAAAAAAAAAAAAAAAAAAAA;564e6193-2504-4d20-899c-c6475da519fa;5d9e7003-3b3d-434b-88a4-dd4487411675;7d4f3f32-5217-40a9-8a25-ad24e20ca50f;81e0e921-a36a-4d11-9734-8511231556bc;932e9b84-777a-476d-8ea1-9043a7f47dce;ac25ba7d-73ec-416c-91b7-249059a5cfdb;d5ba8709-22b8-474d-9fdf-c04fa7fef391;e61430e9-e45a-414a-96a6-ba2de7ee3727;fbe48307-73af-4a2f-a20e-afeafa428763,,1,2
47b3934e-cf87-4c43-a4b8-dba1b38533d9,,,"Appearance, mental status examination",,,Question,Coded,24d6dc53-ec50-4a95-9674-fa02964c0fde;54c03a43-af22-4b3d-94de-15d053c46c9e;5622AAAAAAAAAAAAAAAAAAAAAAAAAAAAAAAA;61470ca8-896f-4ff5-a0a1-d8d248041712;66f85921-edf2-4256-8a53-57e67e148fac,,1,2
06e7471c-5be6-4995-bbdd-11e77218e6d5,,,"Thought content, mental status examination",,,Question,Coded,1115AAAAAAAAAAAAAAAAAAAAAAAAAAAAAAAA;6e58d472-81b1-4291-b3b2-7f7d6c7818c3;b32a9db1-7172-42a7-aa95-7a305ad0f707;b91ef941-f676-4e82-b10e-94167ba5ef34,,1,2
f21bd422-0d04-4e5b-aad5-9312110d2dc0,,,Referral source (self or institution),,,Question,Coded,160551AAAAAAAAAAAAAAAAAAAAAAAAAAAAAA;32d9bb0d-ce32-4ac3-b65e-85832fe905bb;5622AAAAAAAAAAAAAAAAAAAAAAAAAAAAAAAA;95260d83-b779-4fb9-859e-e8ccb0d8d6be;978AAAAAAAAAAAAAAAAAAAAAAAAAAAAAAAAA;b7e66596-ba11-4fe2-bdc5-a3775c6cf4fa;c4ab2fb4-7d34-42f9-950a-7e8261cba9f9;c9ea5e58-6f10-484a-88f9-075fa641c018;ee7ce4a6-1bc2-401c-b2cd-6e51c5de3370,,1,2
9c1d2e3f-4a5b-6c7d-8e9f-0a1b2c3d4e5f,,,Abdominal tenderness present,,,Question,Coded,1065AAAAAAAAAAAAAAAAAAAAAAAAAAAAAAAA;1066AAAAAAAAAAAAAAAAAAAAAAAAAAAAAAAA;163747AAAAAAAAAAAAAAAAAAAAAAAAAAAAAA;163748AAAAAAAAAAAAAAAAAAAAAAAAAAAAAA,,1,2
2c6ee693-5065-43ff-bfd7-7f8f997edf9e,,,Chief complaint (symptom selection),Complaint,,Question,Coded,06884a1d-be4d-498c-9834-8d2faf3bd3d9;106AAAAAAAAAAAAAAAAAAAAAAAAAAAAAAAAA;493d914f-ceda-56c9-ba37-c630d87a8f35;7e2e406a-fba0-423a-aa0a-8c1616bcb77b;111525AAAAAAAAAAAAAAAAAAAAAAAAAAAAAA;d26ff6ae-aaff-4be8-be9d-f5556e1542c4;c5443c8e-5829-49bc-b8f3-71523709745e;112721AAAAAAAAAAAAAAAAAAAAAAAAAAAAAA;531aa6c2-ecb8-4d6b-bc56-e625777f3ca8;112989AAAAAAAAAAAAAAAAAAAAAAAAAAAAAA;3faf0630-c208-4b15-8ba1-ca94585b6d52;ea0c3fc5-39d6-4147-81d0-06af0caeb1dd;3ec2ed16-2992-487d-9ebc-c2dd4e4ab4de;5fb50a89-daaf-533f-9a07-3c56af0734aa;116334AAAAAAAAAAAAAAAAAAAAAAAAAAAAAA;d1bb1ba2-c7f8-43cf-ac13-46ef76b9800e;8fdddbda-2dab-4223-a2f4-e65f608bf686;1aa8c9d0-4e1f-234a-678b-456789012345;117698AAAAAAAAAAAAAAAAAAAAAAAAAAAAAA;6386672b-1a48-53cf-9619-6620b5088ca9;f6fdeddf-1888-49eb-bc91-b05fb13105a6;118789AAAAAAAAAAAAAAAAAAAAAAAAAAAAAA;119537AAAAAAAAAAAAAAAAAAAAAAAAAAAAAA;119574AAAAAAAAAAAAAAAAAAAAAAAAAAAAAA;120345AAAAAAAAAAAAAAAAAAAAAAAAAAAAAA;120749AAAAAAAAAAAAAAAAAAAAAAAAAAAAAA;121543AAAAAAAAAAAAAAAAAAAAAAAAAAAAAA;121657AAAAAAAAAAAAAAAAAAAAAAAAAAAAAA;121AAAAAAAAAAAAAAAAAAAAAAAAAAAAAAAAA;122496AAAAAAAAAAAAAAAAAAAAAAAAAAAAAA;122983AAAAAAAAAAAAAAAAAAAAAAAAAAAAAA;123396AAAAAAAAAAAAAAAAAAAAAAAAAAAAAA;9eb8b6fb-cf70-4bee-b63d-276a5b9d6bb1;125198AAAAAAAAAAAAAAAAAAAAAAAAAAAAAA;125225AAAAAAAAAAAAAAAAAAAAAAAAAAAAAA;126535AAAAAAAAAAAAAAAAAAAAAAAAAAAAAA;127777AAAAAAAAAAAAAAAAAAAAAAAAAAAAAA;130166AAAAAAAAAAAAAAAAAAAAAAAAAAAAAA;131015AAAAAAAAAAAAAAAAAAAAAAAAAAAAAA;131021AAAAAAAAAAAAAAAAAAAAAAAAAAAAAA;131032AAAAAAAAAAAAAAAAAAAAAAAAAAAAAA;131034AAAAAAAAAAAAAAAAAAAAAAAAAAAAAA;131040AAAAAAAAAAAAAAAAAAAAAAAAAAAAAA;132338AAAAAAAAAAAAAAAAAAAAAAAAAAAAAA;132653AAAAAAAAAAAAAAAAAAAAAAAAAAAAAA;133027AAAAAAAAAAAAAAAAAAAAAAAAAAAAAA;133028AAAAAAAAAAAAAAAAAAAAAAAAAAAAAA;133469AAAAAAAAAAAAAAAAAAAAAAAAAAAAAA;133632AAAAAAAAAAAAAAAAAAAAAAAAAAAAAA;c73877f6-07ad-4a7e-b394-6fefd94d76ba;135462AAAAAAAAAAAAAAAAAAAAAAAAAAAAAA;135488AAAAAAAAAAAAAAAAAAAAAAAAAAAAAA;135595AAAAAAAAAAAAAAAAAAAAAAAAAAAAAA;b4b0f338-2e37-4461-b76c-ea1f9b8b9141;5d0b7dc1-337d-45f7-b7f5-4e994f0aad36;82b1ae48-fd5b-41c3-9b08-a1e9e2e56146;211f7e13-264b-4230-8ed7-abe66ebd5739;139084AAAAAAAAAAAAAAAAAAAAAAAAAAAAAA;139899AAAAAAAAAAAAAAAAAAAAAAAAAAAAAA;140070AAAAAAAAAAAAAAAAAAAAAAAAAAAAAA;140238AAAAAAAAAAAAAAAAAAAAAAAAAAAAAA;140941AAAAAAAAAAAAAAAAAAAAAAAAAAAAAA;5b1e18e9-5c71-5629-ba3c-95f99298b17e;141128AAAAAAAAAAAAAAAAAAAAAAAAAAAAAA;62508e7b-48b0-54e6-9cd7-cedcc9a29243;141585AAAAAAAAAAAAAAAAAAAAAAAAAAAAAA;141597AAAAAAAAAAAAAAAAAAAAAAAAAAAAAA;88492f77-c6d1-48e9-850a-1f87ebe7b3b8;141631AAAAAAAAAAAAAAAAAAAAAAAAAAAAAA;141830AAAAAAAAAAAAAAAAAAAAAAAAAAAAAA;142247AAAAAAAAAAAAAAAAAAAAAAAAAAAAAA;142412AAAAAAAAAAAAAAAAAAAAAAAAAAAAAA;143129AAAAAAAAAAAAAAAAAAAAAAAAAAAAAA;143264AAAAAAAAAAAAAAAAAAAAAAAAAAAAAA;144576AAAAAAAAAAAAAAAAAAAAAAAAAAAAAA;55eac556-bd1d-46a1-b686-be244150c24b;148035AAAAAAAAAAAAAAAAAAAAAAAAAAAAAA;148517AAAAAAAAAAAAAAAAAAAAAAAAAAAAAA;148787AAAAAAAAAAAAAAAAAAAAAAAAAAAAAA;7786d4bc-7657-465f-8b13-e078526b7fb9;151AAAAAAAAAAAAAAAAAAAAAAAAAAAAAAAAA;fb6f5f05-42ca-40b1-bde8-07bf8437e56b;ac87d80e-0c6b-5b79-b274-bfa75809467d;157498AAAAAAAAAAAAAAAAAAAAAAAAAAAAAA;158843AAAAAAAAAAAAAAAAAAAAAAAAAAAAAA;72108124-c3fc-4428-b712-f2cf4c1f29ae;159861AAAAAAAAAAAAAAAAAAAAAAAAAAAAAA;160208AAAAAAAAAAAAAAAAAAAAAAAAAAAAAA;8093e193-eb26-4279-9b7d-433868bfbc10;160689AAAAAAAAAAAAAAAAAAAAAAAAAAAAAA;161887AAAAAAAAAAAAAAAAAAAAAAAAAAAAAA;162509AAAAAAAAAAAAAAAAAAAAAAAAAAAAAA;162626AAAAAAAAAAAAAAAAAAAAAAAAAAAAAA;162628AAAAAAAAAAAAAAAAAAAAAAAAAAAAAA;163410AAAAAAAAAAAAAAAAAAAAAAAAAAAAAA;163477AAAAAAAAAAAAAAAAAAAAAAAAAAAAAA;163478AAAAAAAAAAAAAAAAAAAAAAAAAAAAAA;425f6fc0-efad-4751-9fc9-76478fddbf4d;bb20207d-9776-4749-b1c7-760b2afeb3e4;164457AAAAAAAAAAAAAAAAAAAAAAAAAAAAAA;164482AAAAAAAAAAAAAAAAAAAAAAAAAAAAAA;164484AAAAAAAAAAAAAAAAAAAAAAAAAAAAAA;166592AAAAAAAAAAAAAAAAAAAAAAAAAAAAAA;17eb66ae-2898-4b39-a94b-c973b4fad627;182ef941-6541-43cd-830a-0f3135f2a456;206AAAAAAAAAAAAAAAAAAAAAAAAAAAAAAAAA;4ad696eb-4426-4cf7-948b-48ef70a7749d;512AAAAAAAAAAAAAAAAAAAAAAAAAAAAAAAAA;5622AAAAAAAAAAAAAAAAAAAAAAAAAAAAAAAA;5953AAAAAAAAAAAAAAAAAAAAAAAAAAAAAAAA;5978AAAAAAAAAAAAAAAAAAAAAAAAAAAAAAAA;6017AAAAAAAAAAAAAAAAAAAAAAAAAAAAAAAA;6023AAAAAAAAAAAAAAAAAAAAAAAAAAAAAAAA;61587f91-8a80-4359-a91c-8264be4ac3d1;832AAAAAAAAAAAAAAAAAAAAAAAAAAAAAAAAA;840AAAAAAAAAAAAAAAAAAAAAAAAAAAAAAAAA;871AAAAAAAAAAAAAAAAAAAAAAAAAAAAAAAAA;879AAAAAAAAAAAAAAAAAAAAAAAAAAAAAAAAA;96a12f0c-ba52-455b-bbb4-db12f7e9ee5e;96f5464b-fdf2-485d-84d3-8ec23bc400cb;9ac6c20b-2bac-42a9-bae4-7004524033c4;a0ea1397-2bf3-4796-b005-387676f96499;b6c7e832-6ac3-42fa-9886-eb3213e90a89;c767a73e-e532-4354-b50d-01b779cba3b2;c9520082-199d-42f7-9d97-8fe1c5760aff;cfca406b-c855-4367-8f47-6a192d8dda7d;dab2cb8a-f42f-46a6-9a98-dbe9d0a8b21a,,1,2
b77f8cf6-b7f4-4f08-a634-0786fedea961,,,Major Comorbidities (Cardiac Progress),Major Comorbidities,,Question,Coded,138405AAAAAAAAAAAAAAAAAAAAAAAAAAAAAA;119481AAAAAAAAAAAAAAAAAAAAAAAAAAAAAA;c43e825d-8b29-4d9e-aca0-2637d5b73319;7aaf76d6-ae01-4930-870b-387f633173bd;ab8dfef9-f18a-5080-90a3-d2d0da133d0f;e585c83a-1003-4392-8753-05676bdc1a39;144661AAAAAAAAAAAAAAAAAAAAAAAAAAAAAA;139069AAAAAAAAAAAAAAAAAAAAAAAAAAAAAA,,1,2
5ff1dcf6-52ad-4e49-8f10-c4224b3ba1ce,,,Therapy Progress Status,Progress,,Question,Coded,052c10cc-633e-4c49-8541-a469c94d0318;1499AAAAAAAAAAAAAAAAAAAAAAAAAAAAAAAA;7fa2d574-5f17-4595-9e8a-8e75dcfdef2b;1107AAAAAAAAAAAAAAAAAAAAAAAAAAAAAAAA;159405AAAAAAAAAAAAAAAAAAAAAAAAAAAAAA;164493AAAAAAAAAAAAAAAAAAAAAAAAAAAAAA;162679AAAAAAAAAAAAAAAAAAAAAAAAAAAAAA;49d2d6d9-92f0-4e35-bb40-3baf7f4c69ed;162677AAAAAAAAAAAAAAAAAAAAAAAAAAAAAA;8bc2e752-a1a7-4426-929d-43f228c2f74d,,1,2
b51fc02b-e7a9-4147-8658-9917acd5461c,,,Duration unit (project),Duration unit,,Question,Coded,1733AAAAAAAAAAAAAAAAAAAAAAAAAAAAAAAA;1822AAAAAAAAAAAAAAAAAAAAAAAAAAAAAAAA;1072AAAAAAAAAAAAAAAAAAAAAAAAAAAAAAAA;1073AAAAAAAAAAAAAAAAAAAAAAAAAAAAAAAA;1074AAAAAAAAAAAAAAAAAAAAAAAAAAAAAAAA;1734AAAAAAAAAAAAAAAAAAAAAAAAAAAAAAAA;9a5be520-ff89-42f0-bb45-1eebe6accfe0;eec6eba9-7405-4a7a-9d2e-5c13193b23d9;cca40c45-a128-4b2b-a3d7-3bd648baa3e7;80a4d303-a27b-47da-86b7-534b633b3b95,,1,2
a053c07a-e378-461b-a7c6-0f40542a2034,,,Source of Information (psychological intake),Source of Information,,Question,Coded,978AAAAAAAAAAAAAAAAAAAAAAAAAAAAAAAAA;bffe3da4-030e-4426-84e8-f3b7d0ca69b6;f873b17c-d331-49fe-b713-157c73abacd2;8fefcd53-4299-4e66-a070-0ae6773b9d74;a491532c-d262-46b2-ad93-45f215dd0633,,1,2
3b96324b-c6e9-4361-9709-9f7f25f7c131,,,Method of family planning (project),FP method,,Question,Coded,1359AAAAAAAAAAAAAAAAAAAAAAAAAAAAAAAA;5279AAAAAAAAAAAAAAAAAAAAAAAAAAAAAAAA;5622AAAAAAAAAAAAAAAAAAAAAAAAAAAAAAAA;190AAAAAAAAAAAAAAAAAAAAAAAAAAAAAAAAA;780AAAAAAAAAAAAAAAAAAAAAAAAAAAAAAAAA;907AAAAAAAAAAAAAAAAAAAAAAAAAAAAAAAAA;5276AAAAAAAAAAAAAAAAAAAAAAAAAAAAAAAA;1489AAAAAAAAAAAAAAAAAAAAAAAAAAAAAAAA;164813AAAAAAAAAAAAAAAAAAAAAAAAAAAAAA;164814AAAAAAAAAAAAAAAAAAAAAAAAAAAAAA;5274AAAAAAAAAAAAAAAAAAAAAAAAAAAAAAAA;160570AAAAAAAAAAAAAAAAAAAAAAAAAAAAAA;76022AAAAAAAAAAAAAAAAAAAAAAAAAAAAAAA;5275AAAAAAAAAAAAAAAAAAAAAAAAAAAAAAAA;1472AAAAAAAAAAAAAAAAAAAAAAAAAAAAAAAA;5278AAAAAAAAAAAAAAAAAAAAAAAAAAAAAAAA;1873AAAAAAAAAAAAAAAAAAAAAAAAAAAAAAAA;159783AAAAAAAAAAAAAAAAAAAAAAAAAAAAAA,,1,2
3d6f4198-b00b-4270-abcb-1a38039412a9,,,NYHA Functional Classification,NYHA Class,,Question,Coded,11dfa48c-7292-4f4f-b03c-4f2aa55ad4e5;e225b4f1-7105-4df2-8d64-4132e296092c;4d658cd5-0afa-4c5c-bf72-28e614ff523c;299f99e6-b97f-43c1-b903-b0e7feb64849,,1,2
556df6f6-ac89-49d5-ab52-79b67c6cefa6,,,Amniotic fluid description,,,Question,Coded,164899AAAAAAAAAAAAAAAAAAAAAAAAAAAAAA;159484AAAAAAAAAAAAAAAAAAAAAAAAAAAAAA;1077AAAAAAAAAAAAAAAAAAAAAAAAAAAAAAAA,,1,2
a1c4089c-5ade-4551-a144-aeab94267496,,,Blood Group (ABO/Rh),Blood Group,,Question,Coded,c85790b1-398f-4797-b5f4-25018a96fffc;03dbdf85-7184-431f-a5c2-f7428c66f18d;62d85dd0-f9ce-47d5-8a6f-4f1ba99543d9;73d8593d-edcd-454f-b2e8-c25f4c1b46a2;163115AAAAAAAAAAAAAAAAAAAAAAAAAAAAAA;163116AAAAAAAAAAAAAAAAAAAAAAAAAAAAAA;163117AAAAAAAAAAAAAAAAAAAAAAAAAAAAAA;163118AAAAAAAAAAAAAAAAAAAAAAAAAAAAAA,,1,2
904833fa-8391-4628-af7a-602ca44d6893,,,Rapid syphilis test result,Rapid Syphilis Test,,Question,Coded,703AAAAAAAAAAAAAAAAAAAAAAAAAAAAAAAAA;664AAAAAAAAAAAAAAAAAAAAAAAAAAAAAAAAA;1228AAAAAAAAAAAAAAAAAAAAAAAAAAAAAAAA;1229AAAAAAAAAAAAAAAAAAAAAAAAAAAAAAAA;1118AAAAAAAAAAAAAAAAAAAAAAAAAAAAAAAA,,1,2
843471a8-580c-4b29-8257-426b41e5d1df,,,Reason for Referral (Referral Form),Reason for Referral,,Question,Coded,b8c9d0e1-f2a3-4456-b789-012345678901;c9d0e1f2-a3b4-4567-c890-123456789012;d0e1f2a3-b4c5-4678-d901-234567890123,,1,2
4069cbeb-2949-46bc-b177-7d905e03ce7d,,,Surgical site infection type,SSI type,,Question,Coded,,,1,2
4e701071-7970-41e8-a9bb-9e977d6e4753,,,Reason for safe abortion/PAC (project),Reason for safe abortion/PAC,,Question,Coded,884ac42d-2067-494c-af68-e911a1594d0b;164821AAAAAAAAAAAAAAAAAAAAAAAAAAAAAA;1600AAAAAAAAAAAAAAAAAAAAAAAAAAAAAAAA;3df2d31e-95fd-4f58-893b-45f817b91d6c,,1,2
38b8dbdf-a5aa-4d82-a4ae-2b4e827d304e,,,Diabetes mellitus in family history,Family Hx of Diabetes,,Question,Coded,1065AAAAAAAAAAAAAAAAAAAAAAAAAAAAAAAA;1066AAAAAAAAAAAAAAAAAAAAAAAAAAAAAAAA,,1,2
95c36e45-f734-4a0a-9eb8-b1e14cd79ee7,,,HIV Specific Contraceptive Counseling Offered,HIV Contraceptive Counseling Offered,,Question,Coded,1065AAAAAAAAAAAAAAAAAAAAAAAAAAAAAAAA;1066AAAAAAAAAAAAAAAAAAAAAAAAAAAAAAAA,,1,2
cd3336af-8aa6-4a3a-a79d-bbbb84b2247c,,,Tetanus vaccination status checked,TT status checked,,Question,Coded,1065AAAAAAAAAAAAAAAAAAAAAAAAAAAAAAAA;1066AAAAAAAAAAAAAAAAAAAAAAAAAAAAAAAA,,1,2
2416d91f-9c75-4854-915f-7d54d9fc6ead,,,Vaginal Bleeding Present,,,Question,Coded,1065AAAAAAAAAAAAAAAAAAAAAAAAAAAAAAAA;1066AAAAAAAAAAAAAAAAAAAAAAAAAAAAAAAA,,1,2
1e6ad6a0-d54f-40bc-9ad0-bfefb9c93178,,,Counseled on birth preparedness and complication readiness plan,Counseled on birth preparedness plan,,Question,Coded,1065AAAAAAAAAAAAAAAAAAAAAAAAAAAAAAAA;1066AAAAAAAAAAAAAAAAAAAAAAAAAAAAAAAA,,1,2
02b29c2c-3635-4e09-9a52-0a06efcc11da,,,Partner HIV Test Result,,,Question,Coded,703AAAAAAAAAAAAAAAAAAAAAAAAAAAAAAAAA;664AAAAAAAAAAAAAAAAAAAAAAAAAAAAAAAAA;1067AAAAAAAAAAAAAAAAAAAAAAAAAAAAAAAA,,1,2
e16fa844-c5bf-4a85-9e01-d9a2b1b7528d,,,HIV Test Result (project),HIV Test Result,,Question,Coded,703AAAAAAAAAAAAAAAAAAAAAAAAAAAAAAAAA;664AAAAAAAAAAAAAAAAAAAAAAAAAAAAAAAAA;1228AAAAAAAAAAAAAAAAAAAAAAAAAAAAAAAA;1229AAAAAAAAAAAAAAAAAAAAAAAAAAAAAAAA,,1,2
a90ebc9e-53b4-4a31-bf19-c5e474efe62d,,,HIV Test Result (LAFP),HIV Test Result,,Question,Coded,703AAAAAAAAAAAAAAAAAAAAAAAAAAAAAAAAA;664AAAAAAAAAAAAAAAAAAAAAAAAAAAAAAAAA,,1,2
f3e40c4a-ed7f-4a35-93aa-a01a844b7824,,,Medication frequency (PICU),Medication frequency,,Question,Coded,160857AAAAAAAAAAAAAAAAAAAAAAAAAAAAAA;162136AAAAAAAAAAAAAAAAAAAAAAAAAAAAAA;162135AAAAAAAAAAAAAAAAAAAAAAAAAAAAAA;162243AAAAAAAAAAAAAAAAAAAAAAAAAAAAAA;162244AAAAAAAAAAAAAAAAAAAAAAAAAAAAAA;162245AAAAAAAAAAAAAAAAAAAAAAAAAAAAAA;162246AAAAAAAAAAAAAAAAAAAAAAAAAAAAAA;162247AAAAAAAAAAAAAAAAAAAAAAAAAAAAAA;162248AAAAAAAAAAAAAAAAAAAAAAAAAAAAAA;162249AAAAAAAAAAAAAAAAAAAAAAAAAAAAAA;162250AAAAAAAAAAAAAAAAAAAAAAAAAAAAAA;162251AAAAAAAAAAAAAAAAAAAAAAAAAAAAAA;162252AAAAAAAAAAAAAAAAAAAAAAAAAAAAAA;162254AAAAAAAAAAAAAAAAAAAAAAAAAAAAAA;162253AAAAAAAAAAAAAAAAAAAAAAAAAAAAAA;162255AAAAAAAAAAAAAAAAAAAAAAAAAAAAAA;162256AAAAAAAAAAAAAAAAAAAAAAAAAAAAAA;160862AAAAAAAAAAAAAAAAAAAAAAAAAAAAAA;160865AAAAAAAAAAAAAAAAAAAAAAAAAAAAAA;160864AAAAAAAAAAAAAAAAAAAAAAAAAAAAAA;160863AAAAAAAAAAAAAAAAAAAAAAAAAAAAAA;160858AAAAAAAAAAAAAAAAAAAAAAAAAAAAAA;160859AAAAAAAAAAAAAAAAAAAAAAAAAAAAAA;160860AAAAAAAAAAAAAAAAAAAAAAAAAAAAAA;160861AAAAAAAAAAAAAAAAAAAAAAAAAAAAAA;160866AAAAAAAAAAAAAAAAAAAAAAAAAAAAAA;160868AAAAAAAAAAAAAAAAAAAAAAAAAAAAAA;160867AAAAAAAAAAAAAAAAAAAAAAAAAAAAAA;160869AAAAAAAAAAAAAAAAAAAAAAAAAAAAAA;160870AAAAAAAAAAAAAAAAAAAAAAAAAAAAAA;160872AAAAAAAAAAAAAAAAAAAAAAAAAAAAAA;160871AAAAAAAAAAAAAAAAAAAAAAAAAAAAAA;5622AAAAAAAAAAAAAAAAAAAAAAAAAAAAAAAA,,1,2
5b3c70cf-d18a-4161-b581-efd064bd181d,,,Condition on discharge,,,Question,Coded,162677AAAAAAAAAAAAAAAAAAAAAAAAAAAAAA;164165AAAAAAAAAAAAAAAAAAAAAAAAAAAAAA;160431AAAAAAAAAAAAAAAAAAAAAAAAAAAAAA;1694AAAAAAAAAAAAAAAAAAAAAAAAAAAAAAAA;160034AAAAAAAAAAAAAAAAAAAAAAAAAAAAAA,,1,2
d9c51918-1b1e-4692-98bf-5f49584bbebc,,,Method of Delivery (Ethio EMR),Delivery Method,,Question,Coded,1170AAAAAAAAAAAAAAAAAAAAAAAAAAAAAAAA;159739AAAAAAAAAAAAAAAAAAAAAAAAAAAAAA;5577AAAAAAAAAAAAAAAAAAAAAAAAAAAAAAAA;118159AAAAAAAAAAAAAAAAAAAAAAAAAAAAAA,,1,2
d8176d1b-1234-11ee-be56-0242ac120006,,,Dental department,,,Finding,N/A,,,1,1
afb1d753-7b0c-4612-8e23-f8ef26271a26,,,Category of tuberculosis patient (project),TB patient category,,Question,Coded,160567AAAAAAAAAAAAAAAAAAAAAAAAAAAAAA;159872AAAAAAAAAAAAAAAAAAAAAAAAAAAAAA;164097AAAAAAAAAAAAAAAAAAAAAAAAAAAAAA;9d607182-9304-4d93-dea4-152637485960;160033AAAAAAAAAAAAAAAAAAAAAAAAAAAAAA;5622AAAAAAAAAAAAAAAAAAAAAAAAAAAAAAAA,,1,2
b997078c-1614-46bd-89ba-202988064651,,,Newborn complications observed,,,Question,Coded,1065AAAAAAAAAAAAAAAAAAAAAAAAAAAAAAAA;1066AAAAAAAAAAAAAAAAAAAAAAAAAAAAAAAA;39f9101f-791f-4558-bb26-616251283bd8;5622AAAAAAAAAAAAAAAAAAAAAAAAAAAAAAAA;5e09f336-8ed1-4c39-b6d8-95925469bffc;60600744-cb4d-4d85-b0a4-9dded5240494;a60de0d2-ddd3-431a-87d9-b117da4a2494;a76118c6-f3fb-4bf9-a374-50136a2564a3;bade3381-08b2-45d8-ac46-b1fbdb0ebd98;e13b3779-8d02-4fef-b46d-8bae5a6796e8,,1,2
