Uuid,Void/Retire,Same as mappings,Fully specified name:en,Short name:en,Description:en,Data class,Data type,Answers,Members,_version:5,_order:1
42f56ca9-7349-550a-abd6-d93299d267f2,,,Duration in years,,,Finding,N/A,,,1,1
c4bcc00d-14b3-56c3-b572-3f2f631216a7,,,Referred out (care outcome),,,Finding,N/A,,,1,1
a4568e24-5da3-51a6-9476-cb450145370f,,,Ruptured (Clear),,,Finding,N/A,,,1,1
f85e2d00-34c5-5575-b364-b47e39096305,,,Unexplained weight loss (reported sign),,,Finding,N/A,,,1,1
6290da6b-43d5-50fa-9886-3af52b08e25f,,,Suicidal thoughts (risk assessment finding),,,Finding,N/A,,,1,1
0cd1ceca-6a03-5876-8178-ba0b5351ecd3,,,Aggressive behavior (risk assessment finding),,,Finding,N/A,,,1,1
cd2a81a9-5642-55fe-9343-7f264ef9d3a7,,,Delusions (thought content finding),,,Finding,N/A,,,1,1
db77f0ae-4b24-52fb-82f8-a545543ab8dd,,,Family conflict (psychosocial stressor),,,Finding,N/A,,,1,1
30107457-f1bd-500b-ba6c-4226ed172f7e,,,Gambling (behavioral addiction),,,Finding,N/A,,,1,1
f299be3c-573b-5803-84c0-07a70ab5c932,,,Severe depression,,,Finding,N/A,,,1,1
3ff0fa95-f50f-50e8-b35f-26035608092f,,,Catatonia (indication for ECT),,,Finding,N/A,,,1,1
c2d9fb45-f250-5042-97f4-b82352e91a6a,,,Psychosis,,,Finding,N/A,,,1,1
e61e9cb0-95d8-5015-a43b-e19a6e4f0bff,,,Bradycardia,,,Finding,N/A,,,1,1
400734bc-8f54-5366-bd91-a24082896842,,,Drowsy,,,Finding,N/A,,,1,1
ad7f855b-ef3d-5a59-8018-54c8fc0ca52e,,,Derealization,,,Finding,N/A,,,1,1
7501ca9c-aa47-5174-928a-24516c2aeb3f,,,Suicide attempt (past),,,Finding,N/A,,,1,1
62df9b83-55e6-5545-a2d9-08493dca95ee,,,Unemployed,,,Finding,N/A,,,1,1
e0282caa-279e-5376-a07f-63d66fa38b8d,,,Destructive behavior,,,Finding,N/A,,,1,1
e7b9a4a0-c4dc-53a1-82f5-0e84f83c5565,,,Paranoid schizophrenia,,,Finding,N/A,,,1,1
ecd64749-c9e7-5cde-8e97-b26ddbf44a6a,,,Colposcopy performed,,,Question,Coded,1065AAAAAAAAAAAAAAAAAAAAAAAAAAAAAAAA;1066AAAAAAAAAAAAAAAAAAAAAAAAAAAAAAAA,,1,2
b4222c91-c99a-420b-bfe6-b0719cd93c0a,,,HIV prevention target population category,Target population,Target population categories for HIV testing or prevention program,Question,Coded,160579AAAAAAAAAAAAAAAAAAAAAAAAAAAAAA;162198AAAAAAAAAAAAAAAAAAAAAAAAAAAAAA;162277AAAAAAAAAAAAAAAAAAAAAAAAAAAAAA;164928AAAAAAAAAAAAAAAAAAAAAAAAAAAAAA;3248528a-079b-46a3-85f8-0d28183727cb;5622AAAAAAAAAAAAAAAAAAAAAAAAAAAAAAAA;6e9e044e-e55e-44f5-8c4e-28a264cb9b77;9ace0312-2200-40c3-ac68-93f48c132988;a1c83cfe-bc4d-4b81-b7b1-a594d43aa4c1,,1,2
3f289276-d9b8-5383-b540-660fc469f82a,,,Place of death category,,,Question,Coded,1537AAAAAAAAAAAAAAAAAAAAAAAAAAAAAAAA;1588AAAAAAAAAAAAAAAAAAAAAAAAAAAAAAAA;1589AAAAAAAAAAAAAAAAAAAAAAAAAAAAAAAA;5622AAAAAAAAAAAAAAAAAAAAAAAAAAAAAAAA,,1,2
497e92fa-f5e8-51b6-883a-10b673ce1227,,,Fetal presentation at delivery,,,Question,Coded,124261AAAAAAAAAAAAAAAAAAAAAAAAAAAAAA;139814AAAAAAAAAAAAAAAAAAAAAAAAAAAAAA;160091AAAAAAAAAAAAAAAAAAAAAAAAAAAAAA;1843AAAAAAAAAAAAAAAAAAAAAAAAAAAAAAAA;1172AAAAAAAAAAAAAAAAAAAAAAAAAAAAAAAA;5622AAAAAAAAAAAAAAAAAAAAAAAAAAAAAAAA;6d51af28-a156-4463-a031-1f1f459ddcb0;bcd5f5b8-ba92-44f8-bab2-73570a68162a,,1,2
b51fc02b-e7a9-4147-8658-9917acd5461c,,,Duration unit (project),Duration unit,,Question,Coded,1072AAAAAAAAAAAAAAAAAAAAAAAAAAAAAAAA;1073AAAAAAAAAAAAAAAAAAAAAAAAAAAAAAAA;1074AAAAAAAAAAAAAAAAAAAAAAAAAAAAAAAA;113440AAAAAAAAAAAAAAAAAAAAAAAAAAAAAA;1733AAAAAAAAAAAAAAAAAAAAAAAAAAAAAAAA;1734AAAAAAAAAAAAAAAAAAAAAAAAAAAAAAAA;1820AAAAAAAAAAAAAAAAAAAAAAAAAAAAAAAA;1822AAAAAAAAAAAAAAAAAAAAAAAAAAAAAAAA;1823AAAAAAAAAAAAAAAAAAAAAAAAAAAAAAAA;42f56ca9-7349-550a-abd6-d93299d267f2;80a4d303-a27b-47da-86b7-534b633b3b95;9a5be520-ff89-42f0-bb45-1eebe6accfe0;cca40c45-a128-4b2b-a3d7-3bd648baa3e7;eec6eba9-7405-4a7a-9d2e-5c13193b23d9,,1,2
02b29c2c-3635-4e09-9a52-0a06efcc11da,,,Partner HIV Test Result,,,Question,Coded,1065AAAAAAAAAAAAAAAAAAAAAAAAAAAAAAAA;1066AAAAAAAAAAAAAAAAAAAAAAAAAAAAAAAA;1067AAAAAAAAAAAAAAAAAAAAAAAAAAAAAAAA;664AAAAAAAAAAAAAAAAAAAAAAAAAAAAAAAAA;703AAAAAAAAAAAAAAAAAAAAAAAAAAAAAAAAA,,1,2
a192b3c4-d5e6-f789-0123-456789abcdef,,,Reason for LAFP removal,Removal reason,Question asking for the specific reason why long acting family planning method was removed,Question,Coded,0758697b-2192-012d-7456-89def0123456;160571AAAAAAAAAAAAAAAAAAAAAAAAAAAAAA;1778AAAAAAAAAAAAAAAAAAAAAAAAAAAAAAAA;1869708c-3203-123e-8567-9ef012345678;1cfad561-a4b2-42b1-8b5b-7402f3f81d5e;2970819d-4314-234f-9678-0ef123456789;5622AAAAAAAAAAAAAAAAAAAAAAAAAAAAAAAA;9647586a-1081-901c-6345-789cdef01234,,1,2
13e21f69-e825-4bb0-8740-f33f530ec613,,,Service Requested,,Type of service or department requested for patient transfer,Question,Coded,167410AAAAAAAAAAAAAAAAAAAAAAAAAAAAAA;ad75942d-3911-4440-9b94-de65112ce126;d8176d1b-1234-11ee-be56-0242ac120002;d8176d1b-1234-11ee-be56-0242ac120003;d8176d1b-1234-11ee-be56-0242ac120004;d8176d1b-1234-11ee-be56-0242ac120005;d8176d1b-1234-11ee-be56-0242ac120006;d8176d1b-1234-11ee-be56-0242ac120007;d8176d1b-1234-11ee-be56-0242ac120008;d8176d1b-1234-11ee-be56-0242ac120009;d8176d1b-1234-11ee-be56-0242ac120010;d8176d1b-1234-11ee-be56-0242ac120011;d8176d1b-1234-11ee-be56-0242ac120012;d8176d1b-1234-11ee-be56-0242ac120013;d8176d1b-1234-11ee-be56-0242ac120014;d8176d1b-1234-11ee-be56-0242ac120015;d8176d1b-1234-11ee-be56-0242ac120016;d8176d1b-1234-11ee-be56-0242ac120017,,1,2
2c9764d5-f646-4c1b-898e-b6f426c028b9,,,Oxygen delivery method,O2 delivery,Method of oxygen delivery / respiratory support.,Question,Coded,02ef98f2-06a0-4282-bb7b-f83765495696;162735AAAAAAAAAAAAAAAAAAAAAAAAAAAAAA;165998AAAAAAAAAAAAAAAAAAAAAAAAAAAAAA;2caaf622-fb39-4a02-8d9f-35900d5605cf;326e8ff2-cb5e-4cc5-beac-bb38e493fec1;4fa4c5fa-bfcf-42ca-b608-316eb7a988c6;6616f57c-0dc8-441d-88e7-4197a2ced454;8ef9cb2d-96e6-45c6-9c4e-fd8df821c0ee;91e99b02-2be8-446f-9af2-ac07d77c9c0c;e9172fb7-3860-49de-ac30-678caf11f785,,1,2
1880f095-b88c-4b90-ae1e-3d78023d7cfe,,,Outcome of CAC/PAC,,Outcome of comprehensive/ post abortion care encounter,Question,Coded,160429AAAAAAAAAAAAAAAAAAAAAAAAAAAAAA;160432AAAAAAAAAAAAAAAAAAAAAAAAAAAAAA;67c00dc0-fd8e-4db0-bc72-7ceebe59d3ce;c4bcc00d-14b3-56c3-b572-3f2f631216a7,,1,2
db50afa8-1350-5a01-a225-200a953782eb,,,Tuberculosis in family history,,,Question,Coded,1065AAAAAAAAAAAAAAAAAAAAAAAAAAAAAAAA;1066AAAAAAAAAAAAAAAAAAAAAAAAAAAAAAAA;1067AAAAAAAAAAAAAAAAAAAAAAAAAAAAAAAA,,1,2
693fb77e-4a0a-564e-8b8e-56e7a7c38a3f,,,Leprosy disease classification,,,Question,Coded,164353AAAAAAAAAAAAAAAAAAAAAAAAAAAAAA;164354AAAAAAAAAAAAAAAAAAAAAAAAAAAAAA,,1,2
7415869c-4859-6789-0123-456789abcd14,,,Membrane status,Membrane,Question asking about membrane status,Question,Coded,0748192f-7182-9012-3456-789012abcd17;1067AAAAAAAAAAAAAAAAAAAAAAAAAAAAAAAA;15d529e0-2f29-48b5-bc41-5ade28396910;8526970d-5960-7890-1234-567890abcd15;9637081e-6071-8901-2345-678901abcd16;a4568e24-5da3-51a6-9476-cb450145370f;a6d00512-9786-45d6-8886-be160acfd5d4,,1,2
d0b6243f-5ab7-7e9d-cf40-b23a6e5d8f74,,,Opportunistic infections present,OI present,Selected opportunistic infections or related conditions identified at this visit,Question,Coded,112141AAAAAAAAAAAAAAAAAAAAAAAAAAAAAA;114100AAAAAAAAAAAAAAAAAAAAAAAAAAAAAA;117543AAAAAAAAAAAAAAAAAAAAAAAAAAAAAA;117829AAAAAAAAAAAAAAAAAAAAAAAAAAAAAA;120939AAAAAAAAAAAAAAAAAAAAAAAAAAAAAA;1294AAAAAAAAAAAAAAAAAAAAAAAAAAAAAAAA;137375AAAAAAAAAAAAAAAAAAAAAAAAAAAAAA;142412AAAAAAAAAAAAAAAAAAAAAAAAAAAAAA;154119AAAAAAAAAAAAAAAAAAAAAAAAAAAAAA;5622AAAAAAAAAAAAAAAAAAAAAAAAAAAAAAAA;990AAAAAAAAAAAAAAAAAAAAAAAAAAAAAAAAA,,1,2
ddf1c092-3e84-4504-bbec-4c349ea65acf,,,Transfusion reaction signs and symptoms,,,Question,Coded,0eae7e68-64d4-4c29-964a-77daedfc70d3;1daf6c10-0922-42d1-8dd3-9db431cb5d8e;1fd987dc-176c-4286-bfe8-d3e7e7de499d;2076ad1e-bea7-4db0-920c-7a132ca6f57c;2d705635-6e1c-4bca-8f40-82fb9c1045fb;71ba7041-0d42-4681-a2d7-436aeada3b07;7cf66522-fde4-446b-bff2-d1a961759cc5;7f05962f-b23a-4069-9c71-735552162678;8cc28937-1f74-48ee-9251-de2bd4750828;a73f4ac3-2c57-44a3-9169-c035eef3c156;dce29eb3-653d-455f-94e9-c99c4871ed97;f85e2d00-34c5-5575-b364-b47e39096305,,1,2
c53f3504-7b38-488c-adbc-af59a169f3f4,,,Confirmed or suspected opportunistic infections,Confirmed / Suspected OIs,Confirmed / Suspected OIs,Question,Coded,117543AAAAAAAAAAAAAAAAAAAAAAAAAAAAAA;121252AAAAAAAAAAAAAAAAAAAAAAAAAAAAAA;212882ab-98a1-4017-8cf7-8dc2706b0e40;21384cfc-a459-4852-b50c-fd65d006b758;3f105b1c-c8fd-4ee0-a3b1-1bcbbd57c366;56f25c40-fdd7-46bf-8c35-9b47129144bf;5ec51542-6a40-4f25-8654-6af7628002a9;66f56c86-f437-4835-9da2-0255cfb5c20a;e23bfae9-63b6-4e8a-8afa-8ceb0308fda9;e94ab113-9757-4afd-be39-dee8770429e3;f423a64e-9821-425f-9d8a-c0df10dcba97,,1,2
94f3e78d-b794-4795-b9fd-4642ec2f51b9,,,Risk and Safety Assessment,,,Question,Coded,0c3a8eb5-cbe3-4996-8fd1-eebdb75954df;0cd1ceca-6a03-5876-8178-ba0b5351ecd3;149f8353-b6b3-4944-bef2-904102561c15;2cd7cc44-7225-4d59-8bd4-65225c4bd6a0;2daeb16d-11b6-4ade-a392-776da8df70f2;3dd2b2d1-ec6f-4d31-b0d5-224fd7b02a02;6290da6b-43d5-50fa-9886-3af52b08e25f;827e4a09-e373-44d1-9c60-87e857cd52b4;9c54b605-c358-45c7-973b-2407a4a60a9f,,1,2
06e7471c-5be6-4995-bbdd-11e77218e6d5,,,"Thought content, mental status examination",,,Question,Coded,0e31a57c-1cc0-434e-88c3-c104d6bf13b8;1115AAAAAAAAAAAAAAAAAAAAAAAAAAAAAAAA;139146AAAAAAAAAAAAAAAAAAAAAAAAAAAAAA;383b9933-5668-4017-94c1-475c5bd7149b;6e58d472-81b1-4291-b3b2-7f7d6c7818c3;b32a9db1-7172-42a7-aa95-7a305ad0f707;b91ef941-f676-4e82-b10e-94167ba5ef34;cd2a81a9-5642-55fe-9343-7f264ef9d3a7;db3dbd0d-b506-480f-8002-4fece8917490,,1,2
f8c9551f-7d77-4579-b1ec-329d8f1906b7,,,Psychosocial Factors,,,Question,Coded,697c7806-d269-4ed5-b669-97fecbabdd0c;afcd1bc5-13e0-4f7f-a9b6-3f6b2b298fa4;b543fe70-4072-4686-bc71-e2dbf6ba5420;c898365e-4b4e-4e55-94f6-bc1fe0176432;db77f0ae-4b24-52fb-82f8-a545543ab8dd;ef11f3a3-bc84-45c3-8f80-be529aa6c6e2,,1,2
c5404c7a-8744-45ae-bc0d-3b7ac9108a01,,,Type of Use,,,Question,Coded,30107457-f1bd-500b-ba6c-4226ed172f7e;380069fd-def8-4bcf-93a8-b3a745088442;3f52af6a-9c7a-4fe0-beff-8e25a3c033e2;443aa5a7-319c-4c96-a272-e4dec401a878;5622AAAAAAAAAAAAAAAAAAAAAAAAAAAAAAAA;56c2d8b2-62a0-4921-87cf-6b1fb08dddc1;56de197f-3fc1-4815-8ea8-bebfde220929;85275AAAAAAAAAAAAAAAAAAAAAAAAAAAAAAA;c4b40dc8-bcee-4e67-aee6-f7dc7ecaa26c;cd15152c-33c8-4aa9-9b25-10e284ad785c;d0ba3f1e-6a14-4313-b2c3-28a64a63d855;f9744e3e-b394-4f56-85b2-08be1447a8b9,,1,2
cee955aa-88b9-4fee-ab86-95c08346eff7,,,Invasive cervical cancer treatment services,Confirmed CA treatment,Treatment modalities for biopsy-confirmed invasive cervical cancer,Question,Coded,161174AAAAAAAAAAAAAAAAAAAAAAAAAAAAAA;5622AAAAAAAAAAAAAAAAAAAAAAAAAAAAAAAA;658b7ae6-77fa-4e7e-8e75-33d25f60b4bf;a6900a27-b1aa-4575-abc4-f8169f21668f;bde1ee15-0ebb-484e-a465-2a4463f0d521;c1f4e8a2-9b3d-4c6e-8f71-0a2b3c4d5e6f;c73e0ce6-ab51-4a65-a473-38622ec77d7d;c9344894-7344-4397-bc41-2da21aec3dcf,,1,2
a02ce6e6-df4a-47af-a761-4345c4ab2cbf,,,Reason for referral from cervical screening,Referral reason,Primary reason for referral after cervical cancer screening visit,Question,Coded,162810AAAAAAAAAAAAAAAAAAAAAAAAAAAAAA;162812AAAAAAAAAAAAAAAAAAAAAAAAAAAAAA;164805AAAAAAAAAAAAAAAAAAAAAAAAAAAAAA;5622AAAAAAAAAAAAAAAAAAAAAAAAAAAAAAAA;5fcd67ef-8901-434a-e4bc-def012345678;7bef8901-a123-456c-067d-f0123456789a;8cf09a12-b234-467d-178e-0123456789ab;9648ea7b-c8ff-46e9-a438-b66ba3fd122d;a0569b12-4323-44a3-97a5-83f00aececc4;d820b416-4268-43e6-a003-ba3ecd64d97b,,1,2
8b3c4d5e-6f70-8901-bcde-f23456789222,,,Malnutrition Edema grading,Edema grade,Assessment of edema grading for malnutrition evaluation,Question,Coded,1498AAAAAAAAAAAAAAAAAAAAAAAAAAAAAAAA;1499AAAAAAAAAAAAAAAAAAAAAAAAAAAAAAAA;1500AAAAAAAAAAAAAAAAAAAAAAAAAAAAAAAA;54d6e7f8-9a0b-1c2d-3e4f-567890123456;65e7f890-ab1c-2d3e-4f56-78901234567a;76f89012-bc3d-4e5f-6789-012345678abc,,1,2
0d4e5f60-7182-901c-3456-789abcdef012,,,Dermatosis grading assessment,Dermatosis grading,Question asking for dermatosis grading assessment result,Question,Coded,1498AAAAAAAAAAAAAAAAAAAAAAAAAAAAAAAA;1499AAAAAAAAAAAAAAAAAAAAAAAAAAAAAAAA;1500AAAAAAAAAAAAAAAAAAAAAAAAAAAAAAAA;54d6e7f8-9a0b-1c2d-3e4f-567890123456;65e7f890-ab1c-2d3e-4f56-78901234567a;76f89012-bc3d-4e5f-6789-012345678abc,,1,2
2ecf630a-a156-4883-a3a0-4051e1a9cdd4,,,Child DNA PCR Test Result,Child DNA PCR,Question asking about child DNA PCR test results for HIV,Question,Coded,1067AAAAAAAAAAAAAAAAAAAAAAAAAAAAAAAA;1118AAAAAAAAAAAAAAAAAAAAAAAAAAAAAAAA;664AAAAAAAAAAAAAAAAAAAAAAAAAAAAAAAAA;703AAAAAAAAAAAAAAAAAAAAAAAAAAAAAAAAA,,1,2
89841663-c7c8-4aa2-a9c6-cb4a265fbced,,,Known or likely cause of CKD,,Known or likely cause of condition,Question,Coded,0a522954-4e67-4a5d-856e-7bcc09edbc17;119695AAAAAAAAAAAAAAAAAAAAAAAAAAAAAA;123298AAAAAAAAAAAAAAAAAAAAAAAAAAAAAA;138729AAAAAAAAAAAAAAAAAAAAAAAAAAAAAA;dbb84962-8aa9-4d7a-806d-d1d1b356d1fb,,1,2
9637081a-6071-8901-2345-678901abcd0c,,,Gestation status,Gestation,Question asking about gestational age category,Question,Coded,0748192b-7182-9012-3456-789012abcd0d;1859203c-8293-0123-4567-890123abcd0e;2960314d-9304-1234-5678-901234abcd0f;5622AAAAAAAAAAAAAAAAAAAAAAAAAAAAAAAA,,1,2
0d5e6f70-8192-0123-def4-456789012345,,,Place where LAFP was received,LAFP service location,Location where patient originally received the long acting family planning method,Question,Coded,1536AAAAAAAAAAAAAAAAAAAAAAAAAAAAAAAA;1537AAAAAAAAAAAAAAAAAAAAAAAAAAAAAAAA;1538AAAAAAAAAAAAAAAAAAAAAAAAAAAAAAAA;1e6f7081-9203-1234-ef56-789012345abc;2f708192-a314-2345-f678-90123456bcde;3081920a-b425-3456-0789-123456cdefab;4192031b-c536-4567-1890-23456defabcd;5203142c-d647-5678-2901-3456efabcdef,,1,2
5704f76a-c13f-4d7c-af72-225f505c0c82,,,Response,,Response,Question,Coded,1107AAAAAAAAAAAAAAAAAAAAAAAAAAAAAAAA;162677AAAAAAAAAAAAAAAAAAAAAAAAAAAAAA;162679AAAAAAAAAAAAAAAAAAAAAAAAAAAAAA;162677AAAAAAAAAAAAAAAAAAAAAAAAAAAAAA;20048f20-0064-4b82-a5d7-133c960c4dbd;46969e18-a3c4-4fcc-ba87-907917ac0986;703AAAAAAAAAAAAAAAAAAAAAAAAAAAAAAAAA;75df7778-830f-4c9c-8b50-5cf9fbd4105e;b6d89254-f3a6-43b6-b9cf-97d9354044f3;b87a721f-7f2f-4304-93bd-93b5cbc81e35;162679AAAAAAAAAAAAAAAAAAAAAAAAAAAAAA;fa510000-0000-4000-8000-000000000003,,1,2
175725ec-c390-52b2-a3e2-cc8490a0f8b1,,,Nutritional status category,,,Question,Coded,1115AAAAAAAAAAAAAAAAAAAAAAAAAAAAAAAA;1499AAAAAAAAAAAAAAAAAAAAAAAAAAAAAAAA;1500AAAAAAAAAAAAAAAAAAAAAAAAAAAAAAAA,,1,2
56d1a25a-afe5-4778-aa0b-09352c261148,,,Airway and breathing problems,Airway problems,Airway and breathing problems identified at triage.,Question,Coded,125782AAAAAAAAAAAAAAAAAAAAAAAAAAAAAA;2ea8d091-3b80-4289-aeee-f0fe8a7d56ce;58566778-8990-6782-0126-c23456789a12;6c025734-5328-540b-b0d0-75c89919c687;892f9568-5086-4148-af4c-7d14f7d2cfe8;9a1d8458-512c-5df1-a068-f18ad856153b;c62f1cd1-897c-456a-867c-71bc2e0c1677,,1,2
c547a15a-41d9-45b8-ba60-d72b4c2c296b,,,Severe respiratory distress signs,Severe resp distress,Signs of severe respiratory distress.,Question,Coded,411d2d0a-ad7e-5830-b578-8b9302a7f908;519b2d40-b640-4c43-ab26-365d0b1b41ad;5207b02d-1178-4f54-b53b-36c1cad0b542;57e6124b-1aa0-4314-bfc8-53325114a205;b56a456d-ce7f-4f42-a8b6-86e3557df997,,1,2
ec858446-3c75-41e8-8a50-e84c3fc3a3b3,,,AVPU responsiveness level,AVPU,AVPU level of consciousness.,Question,Coded,06b1ea54-e3a4-556d-9a09-dde8603d7cb8;162644AAAAAAAAAAAAAAAAAAAAAAAAAAAAAA;162645AAAAAAAAAAAAAAAAAAAAAAAAAAAAAA;9694701e-109a-41d3-8adb-8f07670fbcb5;b9190517-408c-4898-b4e9-035d742fe97d,,1,2
58293041-2536-4567-8901-234567123456,,,Male Partner HIV Status,Male Partner HIV,Question asking about HIV status of male partner who already knows their status,Question,Coded,1067AAAAAAAAAAAAAAAAAAAAAAAAAAAAAAAA;664AAAAAAAAAAAAAAAAAAAAAAAAAAAAAAAAA;703AAAAAAAAAAAAAAAAAAAAAAAAAAAAAAAAA,,1,2
aa48cdc1-bacb-530d-a1f7-efca709e1657,,,Tuberculosis treatment regimen plan,,,Question,Coded,07b6c7d8-d9ea-71cd-34ab-6c2345780b12;b2617283-8495-4c78-e056-178901230b07;c3728394-95a6-4d89-f167-289012340b08;d48394a5-a6b7-5e9a-0178-390123450b09;e594a5b6-b7c8-5fab-1289-4a0123560b10;f6a5b6c7-c8d9-60bc-239a-5b1234670b11,,1,2
b997078c-1614-46bd-89ba-202988064651,,,Newborn complications observed,Newborn Complications,Newborn Complications,Question,Coded,1065AAAAAAAAAAAAAAAAAAAAAAAAAAAAAAAA;1066AAAAAAAAAAAAAAAAAAAAAAAAAAAAAAAA;39f9101f-791f-4558-bb26-616251283bd8;5622AAAAAAAAAAAAAAAAAAAAAAAAAAAAAAAA;5e09f336-8ed1-4c39-b6d8-95925469bffc;60600744-cb4d-4d85-b0a4-9dded5240494;a60de0d2-ddd3-431a-87d9-b117da4a2494;a76118c6-f3fb-4bf9-a374-50136a2564a3;bade3381-08b2-45d8-ac46-b1fbdb0ebd98;e13b3779-8d02-4fef-b46d-8bae5a6796e8,,1,2
d0b1c2d3-4e5f-6789-8abc-def01234567a,,,Maternal death occurred at,,Timing of maternal death relative to pregnancy and delivery,Question,Coded,1178AAAAAAAAAAAAAAAAAAAAAAAAAAAAAAAA;1179AAAAAAAAAAAAAAAAAAAAAAAAAAAAAAAA;1180AAAAAAAAAAAAAAAAAAAAAAAAAAAAAAAA;d0b1c2d3-4e5f-6789-8abc-def01234567b;d0b1c2d3-4e5f-6789-8abc-def01234567c;d0b1c2d3-4e5f-6789-8abc-def01234567d,,1,2
7e3a7aca-497b-42d9-8d49-7b23824e8a17,,,Progress Toward Goals,,,Question,Coded,162679AAAAAAAAAAAAAAAAAAAAAAAAAAAAAA;163053AAAAAAAAAAAAAAAAAAAAAAAAAAAAAA;d6a53784-2dba-4618-be26-1fa26e675fc8;162679AAAAAAAAAAAAAAAAAAAAAAAAAAAAAA,,1,2
73886f2e-00c0-4e73-8b7c-2018b9981dcc,,,Attendance Trend,,,Question,Coded,06398754-8865-4004-805e-926636d6d6c2;162677AAAAAAAAAAAAAAAAAAAAAAAAAAAAAA;162677AAAAAAAAAAAAAAAAAAAAAAAAAAAAAA;47a7b9e1-9917-470d-9647-f82a29860845,,1,2
ec5e9233-1ebc-476e-8845-75e724033c91,,,Participation Trend,,,Question,Coded,06398754-8865-4004-805e-926636d6d6c2;162677AAAAAAAAAAAAAAAAAAAAAAAAAAAAAA;162677AAAAAAAAAAAAAAAAAAAAAAAAAAAAAA;47a7b9e1-9917-470d-9647-f82a29860845,,1,2
24dad750-58a5-4736-9fad-2732a79dce49,,,Communication skills progress,,,Question,Coded,162677AAAAAAAAAAAAAAAAAAAAAAAAAAAAAA;162679AAAAAAAAAAAAAAAAAAAAAAAAAAAAAA;162677AAAAAAAAAAAAAAAAAAAAAAAAAAAAAA;47a7b9e1-9917-470d-9647-f82a29860845;162679AAAAAAAAAAAAAAAAAAAAAAAAAAAAAA,,1,2
0a437b0d-0218-4d46-8d45-db87b78b1b87,,,Social Interaction,,,Question,Coded,162677AAAAAAAAAAAAAAAAAAAAAAAAAAAAAA;162679AAAAAAAAAAAAAAAAAAAAAAAAAAAAAA;162677AAAAAAAAAAAAAAAAAAAAAAAAAAAAAA;36817c07-0563-491c-940b-817bf389ef58;47a7b9e1-9917-470d-9647-f82a29860845;703AAAAAAAAAAAAAAAAAAAAAAAAAAAAAAAAA;7105beb6-27c1-44d7-ac6a-28e8e39ebae1;74e767a4-eb6a-468a-b182-ebe943d58465;162679AAAAAAAAAAAAAAAAAAAAAAAAAAAAAA,,1,2
8abc9441-a227-49e8-a03e-5ec2acf852f9,,,Teamwork,,,Question,Coded,162677AAAAAAAAAAAAAAAAAAAAAAAAAAAAAA;162679AAAAAAAAAAAAAAAAAAAAAAAAAAAAAA;162677AAAAAAAAAAAAAAAAAAAAAAAAAAAAAA;47a7b9e1-9917-470d-9647-f82a29860845;162679AAAAAAAAAAAAAAAAAAAAAAAAAAAAAA,,1,2
23a1b10a-abe4-4202-86db-910b7db41a1e,,,Initiative,,,Question,Coded,162677AAAAAAAAAAAAAAAAAAAAAAAAAAAAAA;162679AAAAAAAAAAAAAAAAAAAAAAAAAAAAAA;162677AAAAAAAAAAAAAAAAAAAAAAAAAAAAAA;47a7b9e1-9917-470d-9647-f82a29860845;162679AAAAAAAAAAAAAAAAAAAAAAAAAAAAAA,,1,2
050b1397-4722-4025-a30a-35d3910ea66f,,,Responsibility,,,Question,Coded,162677AAAAAAAAAAAAAAAAAAAAAAAAAAAAAA;162679AAAAAAAAAAAAAAAAAAAAAAAAAAAAAA;162677AAAAAAAAAAAAAAAAAAAAAAAAAAAAAA;47a7b9e1-9917-470d-9647-f82a29860845;162679AAAAAAAAAAAAAAAAAAAAAAAAAAAAAA,,1,2
aea539d6-4dab-47a2-9cad-3fc0f737feea,,,Safety Awareness,,,Question,Coded,162677AAAAAAAAAAAAAAAAAAAAAAAAAAAAAA;162679AAAAAAAAAAAAAAAAAAAAAAAAAAAAAA;162677AAAAAAAAAAAAAAAAAAAAAAAAAAAAAA;47a7b9e1-9917-470d-9647-f82a29860845;162679AAAAAAAAAAAAAAAAAAAAAAAAAAAAAA,,1,2
fa12a820-4e2c-4e96-b036-3265a4cf8bf4,,,Self-Reported Symptom Status,,,Question,Coded,162677AAAAAAAAAAAAAAAAAAAAAAAAAAAAAA;162679AAAAAAAAAAAAAAAAAAAAAAAAAAAAAA;162677AAAAAAAAAAAAAAAAAAAAAAAAAAAAAA;b6d89254-f3a6-43b6-b9cf-97d9354044f3,,1,2
12669d10-e5ee-4d5c-847f-fd05258be331,,,Overall Clinical Status,,,Question,Coded,162679AAAAAAAAAAAAAAAAAAAAAAAAAAAAAA;5fbf288f-5ba3-4abf-982d-6142d92f9930;abe6f9e8-33ad-439d-91c7-4a58fb56ebba;162679AAAAAAAAAAAAAAAAAAAAAAAAAAAAAA,,1,2
f21bd422-0d04-4e5b-aad5-9312110d2dc0,,,Referral source (self or institution),Referral source,Whether the patient is self-referred or referred by an institution.,Question,Coded,160551AAAAAAAAAAAAAAAAAAAAAAAAAAAAAA;32d9bb0d-ce32-4ac3-b65e-85832fe905bb;5622AAAAAAAAAAAAAAAAAAAAAAAAAAAAAAAA;95260d83-b779-4fb9-859e-e8ccb0d8d6be;978AAAAAAAAAAAAAAAAAAAAAAAAAAAAAAAAA;b7e66596-ba11-4fe2-bdc5-a3775c6cf4fa;c4ab2fb4-7d34-42f9-950a-7e8261cba9f9;c9ea5e58-6f10-484a-88f9-075fa641c018;ee7ce4a6-1bc2-401c-b2cd-6e51c5de3370,,1,2
9c1d2e3f-4a5b-6c7d-8e9f-0a1b2c3d4e5f,,,Abdominal tenderness present,Abdominal tenderness,Presence or absence of abdominal tenderness on physical examination in antepartum hemorrhage follow-up,Question,Coded,1065AAAAAAAAAAAAAAAAAAAAAAAAAAAAAAAA;1066AAAAAAAAAAAAAAAAAAAAAAAAAAAAAAAA;163747AAAAAAAAAAAAAAAAAAAAAAAAAAAAAA;163748AAAAAAAAAAAAAAAAAAAAAAAAAAAAAA,,1,2
305ea11c-6466-4867-8bbe-eec811d97574,,,"Upper (arms, wrists, hands, fingers) (Include choreic movements [i.e., rapid, objectively purposeless, irregular, spontaneous] and athetoid movements [i.e., slow, irregular, complex serpentine]. Do not include tremor [i.e., repetitive, regular, rhyth…","Upper (arms, wrists, hands, fingers) (Include choreic movements [i.e., rapid, objectively purposeless, irregular, spontaneous] and athetoid movements [i.e., slow, irregular, complex serpentine]. Do not include tremor [i.e., repetitive, regular, rhythmic])","Upper (arms, wrists, hands, fingers) (Include choreic movements [i.e., rapid, objectively purposeless, irregular, spontaneous] and athetoid movements [i.e., slow, irregular, complex serpentine]. Do not include tremor [i.e., repetitive, regular, rhythmic])",Question,Coded,265ec950-3744-435e-9d5a-3b0e1c89ac3b;78503633-3d69-42fa-9776-faf7a2e1da9b;93582f48-936b-49a8-b1ba-4916625404bd;93d98807-89b8-4a7b-9938-86283841c592;b5c4f7ce-1cbc-41f8-bef5-cc86845f5096,,1,2
426fc8a7-d294-4c62-9d21-0ccd65183d3d,,,Blood Sugar Type,,Blood Sugar Type,Question,Coded,4f227fa2-1f8a-4030-9fe2-24fe6e19c429;d0d107f7-9452-4129-a209-b9a4d1b46d4a;e22f3086-8be5-4c0e-b6b8-7094a8384a49,,1,2
27e8232c-a18a-4325-83c9-652714f111e0,,,Past Suicide Behavior,,Past Suicide Behavior,Question,Coded,022705f6-ca57-48d1-ba41-a79824043fec;7501ca9c-aa47-5174-928a-24516c2aeb3f;920e3b34-86b7-4943-a83e-73696fa0c5ac;9d56f1c9-e83b-4d5d-8c80-b179981402f9;aa89f5ec-6d2c-4b82-b673-8797f24290f8,,1,2
1b77d735-8649-455c-a1ec-d37a797c6d19,,,Indication for ECT,,Indication for ECT,Question,Coded,113155AAAAAAAAAAAAAAAAAAAAAAAAAAAAAA;3ff0fa95-f50f-50e8-b35f-26035608092f;5622AAAAAAAAAAAAAAAAAAAAAAAAAAAAAAAA;8518a807-8785-4f1f-a111-8d7555afe61e;c2d9fb45-f250-5042-97f4-b82352e91a6a;d554ec79-ceea-404e-b34e-0da261749324;f299be3c-573b-5803-84c0-07a70ab5c932;f3dcc97b-8ef9-41f6-98ee-410bbb918535,,1,2
b9ed290e-f13b-440a-8014-a291350e0b87,,,Post-ECT Complications,,Post-ECT Complications,Question,Coded,116214AAAAAAAAAAAAAAAAAAAAAAAAAAAAAA;117399AAAAAAAAAAAAAAAAAAAAAAAAAAAAAA;120148AAAAAAAAAAAAAAAAAAAAAAAAAAAAAA;125063AAAAAAAAAAAAAAAAAAAAAAAAAAAAAA;139084AAAAAAAAAAAAAAAAAAAAAAAAAAAAAA;5622AAAAAAAAAAAAAAAAAAAAAAAAAAAAAAAA;94bd4ea2-6651-4da4-9cf4-bbae6bd69a54;c712a067-e07e-47ce-8d7e-156b377c174b;c9dcbea6-0cf5-4d07-83f3-aa7683090736;e61e9cb0-95d8-5015-a43b-e19a6e4f0bff;feb9095e-5c0e-4398-9268-56d091830a49,,1,2
a9433e3b-0a7f-50ad-a6d3-d7aad4ba00bc,,,"Level of consciousness, triage",,,Question,Coded,159508AAAAAAAAAAAAAAAAAAAAAAAAAAAAAA;160282AAAAAAAAAAAAAAAAAAAAAAAAAAAAAA;162644AAAAAAAAAAAAAAAAAAAAAAAAAAAAAA;162645AAAAAAAAAAAAAAAAAAAAAAAAAAAAAA;400734bc-8f54-5366-bd91-a24082896842;60c7864e-4a90-468f-81bf-94a6dea9c898;9694701e-109a-41d3-8adb-8f07670fbcb5,,1,2
cbffa234-827b-47a3-a447-a93de53275f9,,,Clinical Response,,Clinical Response,Question,Coded,162677AAAAAAAAAAAAAAAAAAAAAAAAAAAAAA;162679AAAAAAAAAAAAAAAAAAAAAAAAAAAAAA;162677AAAAAAAAAAAAAAAAAAAAAAAAAAAAAA;b6d89254-f3a6-43b6-b9cf-97d9354044f3;162679AAAAAAAAAAAAAAAAAAAAAAAAAAAAAA,,1,2
47b3934e-cf87-4c43-a4b8-dba1b38533d9,,,"Appearance, mental status examination",,,Question,Coded,1115AAAAAAAAAAAAAAAAAAAAAAAAAAAAAAAA;24d6dc53-ec50-4a95-9674-fa02964c0fde;54c03a43-af22-4b3d-94de-15d053c46c9e;5622AAAAAAAAAAAAAAAAAAAAAAAAAAAAAAAA;5dcdf4e9-085b-4d3b-ad3d-8e329ccc28cc;5fc9d3d1-dea5-420b-af8d-c3ffe2de288b;61470ca8-896f-4ff5-a0a1-d8d248041712;66f85921-edf2-4256-8a53-57e67e148fac;fd84e104-7207-40f1-a0bc-cd3a55f9c7f2,,1,2
6a189a16-e897-4105-a59e-c50832a93885,,,"Perception, mental status examination",,Perception,Question,Coded,1107AAAAAAAAAAAAAAAAAAAAAAAAAAAAAAAA;3539231e-97bf-4f99-96de-74ac37617e7b;425cf922-cfca-4696-92e2-d43fa99b3fb0;5622AAAAAAAAAAAAAAAAAAAAAAAAAAAAAAAA;ad7f855b-ef3d-5a59-8018-54c8fc0ca52e;c602b6f9-fd14-4af3-80db-47ebdc981ed4,,1,2
1c571e21-4180-4dd0-8a59-5f5b5de0be50,,,Patient Condition After Incident,,Patient Condition After Incident,Question,Coded,06398754-8865-4004-805e-926636d6d6c2;159AAAAAAAAAAAAAAAAAAAAAAAAAAAAAAAAA;162677AAAAAAAAAAAAAAAAAAAAAAAAAAAAAA;162679AAAAAAAAAAAAAAAAAAAAAAAAAAAAAA;162677AAAAAAAAAAAAAAAAAAAAAAAAAAAAAA;5622AAAAAAAAAAAAAAAAAAAAAAAAAAAAAAAA;823f1bb8-bfab-45c5-9aa7-c59cb0fc853e;8bc2e752-a1a7-4426-929d-43f228c2f74d,,1,2
2df0fb84-1367-4cc5-95ed-0991be7ffd99,,,Pulse strength,,Qualitative pulse strength.,Question,Coded,124823AAAAAAAAAAAAAAAAAAAAAAAAAAAAAA;158955AAAAAAAAAAAAAAAAAAAAAAAAAAAAAA;750c7a46-03f0-4cba-aa58-f5dc0efca955;78696882-91bd-43b1-b86f-c83b7e7f1c44,,1,2
d5f88633-71f9-48e2-9618-4c7dab53f73d,,,Pulse rhythm,,Qualitative pulse rhythm.,Question,Coded,0319d9c9-acdf-495d-8147-45d0f2eded5a;1d8e7336-6ece-4b88-9335-abdd10074ed5;2167bf41-8839-4ef7-ae8b-06b605d762ef;3f20305f-ef44-40ff-b7c0-9c6fa7a29b10;72e760d6-f370-4c9c-bf3b-e2ca284fc950;d721e26c-4b0d-4e3a-967b-e98bf8870117,,1,2
818757cc-9250-4325-b386-a9080b8a0cbd,,,Respiratory depth,Resp depth,Qualitative respiratory depth.,Question,Coded,142887AAAAAAAAAAAAAAAAAAAAAAAAAAAAAA;14e83323-26c1-49a7-b2da-7aa9de79d2b4;164487AAAAAAAAAAAAAAAAAAAAAAAAAAAAAA;b5c6d7e8-f70e-4b98-1623-def01234567f,,1,2
19811f54-57f6-4546-976e-6ebbb7e90cf4,,,Respiratory rhythm,Resp rhythm,Qualitative respiratory rhythm.,Question,Coded,0319d9c9-acdf-495d-8147-45d0f2eded5a;1d8e7336-6ece-4b88-9335-abdd10074ed5;72e760d6-f370-4c9c-bf3b-e2ca284fc950;d721e26c-4b0d-4e3a-967b-e98bf8870117,,1,2
c9528b14-d5ec-4c45-a7f6-619c6e7206e2,,,Temperature measurement route,Temp route,Route used to measure temperature.,Question,Coded,160240AAAAAAAAAAAAAAAAAAAAAAAAAAAAAA;2938ee83-ee6d-4ac3-b876-aa4ba794f310;3591287e-f4c1-4325-976f-e19951718c70;5112AAAAAAAAAAAAAAAAAAAAAAAAAAAAAAAA;6f56af83-c15a-4b92-9a8e-848275ae8294;7656b86c-32a4-4b39-9b72-9238812a8b03;b8c21d04-6424-480a-8987-7ee7b6e884e4;c6ab3ad0-4f09-4408-8d78-cab2c3d2f792;dec38730-9cd5-4ba9-b123-0e0f5aff1f15;e8bf0e40-3f47-4e28-a947-7784abd286a5,,1,2
4665e85c-9131-5c45-a430-03439b4c55a1,,,Cause of stress present,,,Question,Coded,1065AAAAAAAAAAAAAAAAAAAAAAAAAAAAAAAA;1066AAAAAAAAAAAAAAAAAAAAAAAAAAAAAAAA,,1,2
69011223-3445-1237-5671-345f01234567,,,Source of Referral,Referral Source,Source facility or location from which patient was referred,Question,Coded,0c4ee1b0-dfda-41d7-9e2c-f4033b877bd7;3d449cb3-a97a-431c-9b4e-fd5ca6cf7114;7a122334-4556-2348-6782-45f012345678;8b233445-5667-3459-7893-5f0123456789;978AAAAAAAAAAAAAAAAAAAAAAAAAAAAAAAAA;9c344556-6778-4560-8904-f012345678a0;ad455667-7889-5671-9015-012345678a01;be566778-8990-6782-0126-12345678a012;cf677889-9001-7893-1237-2345678a0123,,1,2
7ab4363d-7aa9-4fe7-a2e1-6e53c3c67c59,,,Primary addiction,,Primary addiction,Question,Coded,30107457-f1bd-500b-ba6c-4226ed172f7e;380069fd-def8-4bcf-93a8-b3a745088442;5622AAAAAAAAAAAAAAAAAAAAAAAAAAAAAAAA;56c2d8b2-62a0-4921-87cf-6b1fb08dddc1;61a5eb23-2e80-4699-b1ec-c2bcc3ba176a;c4b40dc8-bcee-4e67-aee6-f7dc7ecaa26c;cd15152c-33c8-4aa9-9b25-10e284ad785c;e7f587b5-1578-4b33-afe1-ab82c8100819;f9744e3e-b394-4f56-85b2-08be1447a8b9,,1,2
89142717-7297-53d3-909e-79df117e7695,,,Unit of duration,,,Question,Coded,1072AAAAAAAAAAAAAAAAAAAAAAAAAAAAAAAA;1073AAAAAAAAAAAAAAAAAAAAAAAAAAAAAAAA;1074AAAAAAAAAAAAAAAAAAAAAAAAAAAAAAAA;162583AAAAAAAAAAAAAAAAAAAAAAAAAAAAAA;1733AAAAAAAAAAAAAAAAAAAAAAAAAAAAAAAA;1734AAAAAAAAAAAAAAAAAAAAAAAAAAAAAAAA;1822AAAAAAAAAAAAAAAAAAAAAAAAAAAAAAAA;a40404bc-5a49-4c0f-b933-1e98b2ba21e3,,1,2
07de3907-ad71-46d9-a6e2-18d1682faca6,,,Outcome,,Outcome,Question,Coded,0437291f-333b-4d6e-983b-a1ae9f1c2868;0878279e-af5b-4731-a1a2-915fce5725c5;1267AAAAAAAAAAAAAAAAAAAAAAAAAAAAAAAA;162677AAAAAAAAAAAAAAAAAAAAAAAAAAAAAA;162679AAAAAAAAAAAAAAAAAAAAAAAAAAAAAA;164834AAAAAAAAAAAAAAAAAAAAAAAAAAAAAA;2db638fe-fb8e-4a4d-b372-d1996492230c;6365918e-4bf8-45ea-bafe-ca7707502505;8b4f9d2d-569f-4c9e-8a5d-5127221648d5;b2f0b918-f65b-4bc3-8a4a-6f97e79b694d;b6d89254-f3a6-43b6-b9cf-97d9354044f3;ba49c378-aa2e-449f-81c4-75409e1ec20a;bffe3da4-030e-4426-84e8-f3b7d0ca69b6;c92fc968-5f6e-4bb8-8517-75a57d1a335e,,1,2
98f97d04-4920-48b6-a9c2-dc5387cd6cbf,,,Current employment status,,Employment status,Question,Coded,4befe3ce-4ad1-4c46-bd66-93d403a802e8;62df9b83-55e6-5545-a2d9-08493dca95ee,,1,2
98f58b87-ff43-42fd-976a-098196ebbc86,,,Activities of daily living status,,ADL,Question,Coded,0b7cf0f6-fd21-4978-9f34-5b52dc6d0100;162677AAAAAAAAAAAAAAAAAAAAAAAAAAAAAA;162678AAAAAAAAAAAAAAAAAAAAAAAAAAAAAA;164381AAAAAAAAAAAAAAAAAAAAAAAAAAAAAA;162677AAAAAAAAAAAAAAAAAAAAAAAAAAAAAA;46969e18-a3c4-4fcc-ba87-907917ac0986;83ed948b-9604-423e-981a-b3c2dbc2d0aa,,1,2
0dad8294-78c6-4501-976d-8e9dc1f89ae1,,,Primary psychosocial problem,,Primary Problem,Question,Coded,096cbb4d-4a2a-433a-8faf-24d12c962d58;290d3ab5-f683-402b-9de7-5a275520343a;89cc92e0-bc39-4b89-899b-39dba3daacaf;9dbbbbd8-2cf2-4217-9470-97651aaa6fd2;db77f0ae-4b24-52fb-82f8-a545543ab8dd,,1,2
a6bfc757-604a-5f0e-9224-58c682a7f654,,,Clinical progress status,,,Question,Coded,162679AAAAAAAAAAAAAAAAAAAAAAAAAAAAAA;163053AAAAAAAAAAAAAAAAAAAAAAAAAAAAAA;163055AAAAAAAAAAAAAAAAAAAAAAAAAAAAAA,,1,2
23fcbadc-61c1-4f9b-81fd-ee7fb207f044,,,Guardian responsibility acknowledgment,,Guardian Responsibility,Question,Coded,3646c1ed-32bb-4d63-9440-c6e53484dc33,,1,2
b13921ae-1e61-44da-b007-f62f8e84687d,,,Psychiatric admission clinical criteria,,Select all clinical criteria that apply,Question,Coded,0ab4f633-7d24-420d-be8f-f7fb7c9bb6ba;0afb2f27-69af-4860-8d92-5ec3e17c0307;105d6a51-2445-48de-8d3c-1fa3a2410a42;2846f831-acfa-408f-81f2-b111ef5ee6b0;58170b4a-7660-443c-be19-f8072d464cd4;69465abe-14e6-4f37-812b-1284a17ec249;69b128f6-d04d-4a59-9aa1-dae80dc26f0b;6c56eb15-58b8-4200-877b-f2424686b320;70cbf3e0-d796-43d3-bd8b-4f6e3dd0e32b;7874d9f2-822b-472e-ac21-8622caf8c536;9eb3114b-2af7-4206-8d54-43bf16f3c3d6;b642ae48-c069-49ab-8206-37519c568dde;ba2cbb4d-5599-4ad8-aa14-43a1d8fe0090;d4bb71cd-a987-4218-b564-df45825f9f1f;e0282caa-279e-5376-a07f-63d66fa38b8d;e7b9a4a0-c4dc-53a1-82f5-0e84f83c5565;ef3f0aa9-09aa-4f33-b424-8807cceb50a6;f299be3c-573b-5803-84c0-07a70ab5c932,,1,2
