Uuid,Void/Retire,Fully specified name:en,Data class,Data type,Absolute low,Absolute high,Units,Allow decimals,_version:2
21aaaaaaaaaaaaaaaaaaaaaaaaaaaaaaaaaa,,Haemoglobin,Question,Numeric,,,,TRUE,
729aaaaaaaaaaaaaaaaaaaaaaaaaaaaaaaaa,,Platelets,Question,Numeric,0,,10^3/mL,TRUE,
785aaaaaaaaaaaaaaaaaaaaaaaaaaaaaaaaa,,Alkaline phosphatase,Question,Numeric,,,U/L,TRUE,
851aaaaaaaaaaaaaaaaaaaaaaaaaaaaaaaaa,,Mean corpuscular volume,Question,Numeric,0,,fL,TRUE,
855aaaaaaaaaaaaaaaaaaaaaaaaaaaaaaaaa,,Erythrocyte sedimentation rate,Question,Numeric,0,,mm/hr,TRUE,
856aaaaaaaaaaaaaaaaaaaaaaaaaaaaaaaaa,,HIV viral load,Question,Numeric,0,,copies/ml,TRUE,
887aaaaaaaaaaaaaaaaaaaaaaaaaaaaaaaaa,,Serum glucose,Question,Numeric,0,,mg/dl,TRUE,
1014aaaaaaaaaaaaaaaaaaaaaaaaaaaaaaaa,,Lactate dehydrogenase,Question,Numeric,0,,IU/L,TRUE,
1021aaaaaaaaaaaaaaaaaaaaaaaaaaaaaaaa,,Lymphocytes,Question,Numeric,0,100,%,TRUE,
1132aaaaaaaaaaaaaaaaaaaaaaaaaaaaaaaa,,Serum sodium,Question,Numeric,0,,mmol/L,TRUE,
1297aaaaaaaaaaaaaaaaaaaaaaaaaaaaaaaa,,Direct bilirubin,Question,Numeric,0,,umol/L,TRUE,
1647aaaaaaaaaaaaaaaaaaaaaaaaaaaaaaaa,,LENGTH OF STAY IN HOSPITAL,Question,Numeric,,,days,TRUE,
5085aaaaaaaaaaaaaaaaaaaaaaaaaaaaaaaa,,Systolic blood pressure,Question,Numeric,0,250,mmHg,TRUE,
5086aaaaaaaaaaaaaaaaaaaaaaaaaaaaaaaa,,Diastolic blood pressure,Question,Numeric,0,150,mmHg,TRUE,
5087aaaaaaaaaaaaaaaaaaaaaaaaaaaaaaaa,,Pulse,Question,Numeric,0,230,rate/min,TRUE,
5092aaaaaaaaaaaaaaaaaaaaaaaaaaaaaaaa,,Blood oxygen saturation,Question,Numeric,0,100,%,TRUE,
5153aaaaaaaaaaaaaaaaaaaaaaaaaaaaaaaa,,LIVER SIZE,Question,Numeric,,,cm,TRUE,
5242aaaaaaaaaaaaaaaaaaaaaaaaaaaaaaaa,,Respiratory rate,Question,Numeric,0,99,,TRUE,
159616aaaaaaaaaaaaaaaaaaaaaaaaaaaaaa,,Duration of labor,Question,Numeric,,,,TRUE,
159893aaaaaaaaaaaaaaaaaaaaaaaaaaaaaa,,Postnatal visit number,Question,Numeric,,,,TRUE,
160047aaaaaaaaaaaaaaaaaaaaaaaaaaaaaa,,concentration,Question,Numeric,,,,TRUE,
160287aaaaaaaaaaaaaaaaaaaaaaaaaaaaaa,,Pain severity,Question,Numeric,0,10,,TRUE,
160347aaaaaaaaaaaaaaaaaaaaaaaaaaaaaa,,Glasgow coma scale,Question,Numeric,0,15,,TRUE,
160598aaaaaaaaaaaaaaaaaaaaaaaaaaaaaa,,Age of menarche,Question,Numeric,,,,TRUE,
161929aaaaaaaaaaaaaaaaaaaaaaaaaaaaaa,,Urine output,Question,Numeric,0,,L,TRUE,
162196aaaaaaaaaaaaaaaaaaaaaaaaaaaaaa,,Duration of inpatient stay,Question,Numeric,0,,,TRUE,
162578aaaaaaaaaaaaaaaaaaaaaaaaaaaaaa,,Feeding amount (ml),Question,Numeric,0,,ml,TRUE,
162584aaaaaaaaaaaaaaaaaaaaaaaaaaaaaa,,Weight for age (z-score),Question,Numeric,,,,TRUE,
163081aaaaaaaaaaaaaaaaaaaaaaaaaaaaaa,,Hip circumference (cm),Question,Numeric,0,,cm,TRUE,
163187aaaaaaaaaaaaaaaaaaaaaaaaaaaaaa,,Mean Arterial Pressure,Question,Numeric,,,,TRUE,
163599aaaaaaaaaaaaaaaaaaaaaaaaaaaaaa,,Base excess in Arterial blood by calculation,Question,Numeric,-50,100,mmol/L,TRUE,
164168aaaaaaaaaaaaaaaaaaaaaaaaaaaaaa,,Mother's Age,Question,Numeric,,,years,TRUE,
4978edd0-75ab-40a9-9c07-d4bbeb43fed5,,Month,Question,Numeric,,,,TRUE,
166018aaaaaaaaaaaaaaaaaaaaaaaaaaaaaa,,D-dimer,Question,Numeric,0,,,TRUE,
02187b0e-a4e4-49aa-8043-fdca00c3bc65,,Heart Rate,Question,Numeric,,,,TRUE,
0c5ec4fa-f41a-4a6d-bd07-969872b69165,,SpO2,Question,Numeric,,,,TRUE,
3167689e-a1d8-43c0-bc80-c1103a42d19f,,Contraction Duration,Question,Numeric,,,,TRUE,
502a5aa7-f44b-4f0c-969d-b3c9b65cf2e9,,Random Blood Sugar (RBS),Question,Numeric,,,,TRUE,
61a26390-40f2-49c6-ac55-228118303e8b,,Intravenous fluid volume administered,Question,Numeric,,,,TRUE,
d269a661-f1bf-4a11-8b82-1207de30a4da,,Oxygen Flow Rate (L/min),Question,Numeric,,,,TRUE,
e6c5a098-f9d8-45fa-aa0c-8cc30e27a79f,,Fluid Intake (mL/4 hrs),Question,Numeric,,,,TRUE,
8dbc97c1-cc29-4823-b10e-58f03773588d,,BMI,Question,Numeric,,,,TRUE,
59b099ea-41ba-4b40-b65e-6dce43be14c9,,MUAC,Question,Numeric,,,,TRUE,
ac21a619-68c5-47e6-9b56-cc897dc964c1,,Oxygen Flow Rate,Question,Numeric,,,,TRUE,
bd8288fd-223b-4bbb-a1e5-16be65c75c74,,Pain intensity rating scale,Question,Numeric,,,,TRUE,
30415263-4758-6789-0123-456789345678,,Birth Weight in Grams,Question,Numeric,,,,TRUE,
3d8f2b6a-914c-4b7a-93e1-5f0c2d7a8e15,,Blood transfusion quantity during PNC,Question,Numeric,,,,TRUE,
6b1e4c8d-2a79-4d5f-9c31-7e8a0b3f2c16,,IFA tablets provided during PNC,Question,Numeric,,,,TRUE,
c7e3a1d4-5b8f-4c2e-87a9-1f0d3b6a9e17,,Vitamin A capsules provided during PNC,Question,Numeric,,,,TRUE,
aae2be11-0e07-497d-8e7c-a5b74fbd7cb0,,Mid-upper arm circumference measurement,Question,Numeric,,,,TRUE,
8d2d098a-3295-4d9d-a850-c6cfcd49e162,,Age at first sexual intercourse,Question,Numeric,,,,TRUE,
5c2c5f15-4f0e-491f-a439-d799841ddacd,,Peak expiratory flow today,Question,Numeric,,,,TRUE,
0b6da8af-6037-4e38-9e7e-5817a4a7c6d1,,Head circumference-for-age z-score,Question,Numeric,,,,TRUE,
97f70c8d-95e9-42da-87d5-8a2a6ccd9c20,,Oxygen volume administered in litres,Question,Numeric,,,,TRUE,
98b6233c-7cf8-4218-b516-d2142dad9a0a,,Weight-for-height or length z-score,Question,Numeric,,,,TRUE,
a84241e7-a750-4821-8838-5f4d7ea18576,,Oxygen flow rate in litres per minute,Question,Numeric,,,,TRUE,
d2ecb899-60de-48ad-bfe8-5b14e2b5c1ce,,Height or length-for-age z-score,Question,Numeric,,,,TRUE,
f759d9d0-d25e-4aa0-8fd8-d7160f7b3859,,Fraction of inspired oxygen,Question,Numeric,,,,TRUE,
fe8390e6-2457-4f97-976a-7ab48626b875,,Body weight in grams,Question,Numeric,,,,TRUE,
c1d3da47-2013-5101-a3fc-8770b35ba32a,,BMI-for-age z-score,Question,Numeric,,,,TRUE,
18dd029d-81ee-5d57-9bcb-abb1b21ba17e,,Fluid output (mL/4 hrs),Question,Numeric,,,,TRUE,
0f1451d5-c089-5fe1-b5b3-95ec1fb2249c,,Positive end-expiratory pressure (PEEP),Question,Numeric,,,,TRUE,
566e3645-76e8-5f41-a787-7ada3cf39d33,,Weight-for-age z-score category,Question,Numeric,,,,TRUE,
818cc127-6aea-5cca-a427-25cf7adf1c43,,Height (m),Question,Numeric,,,,TRUE,
144b47d3-778c-526d-ac1f-897b15581528,,Weight Loss (finding),Question,Numeric,,,,TRUE,
ddda5396-4822-5ac3-be04-2e099268b9e8,,Age at time of evaluation,Question,Numeric,,,,TRUE,
cf0fdfe7-18eb-51ab-846c-96ccb767d9b9,,Height-for-age z-score category,Question,Numeric,,,,TRUE,
ce121c02-9b09-57cf-9631-fef264d05eb6,,Chief complaint duration,Question,Numeric,,,,TRUE,
f325998a-bd01-5a5e-b65f-e9dfefb3e092,,Abdominal circumference (fetal),Question,Numeric,,,,TRUE,
fdc12823-bdeb-5b3e-a7a7-3e58dde9fed0,,Estimated fetal weight,Question,Numeric,,,,TRUE,
31f2383e-2d35-5cbc-8e43-966e714ee934,,Weight-for-length,Question,Numeric,,,,TRUE,
0670ae82-9fca-5883-9c22-38a067859bee,,Length-for-age,Question,Numeric,,,,TRUE,
6f337537-792b-576f-82e6-d11a5ac4a45d,,BMI-for-age category (z-score),Question,Numeric,,,,TRUE,
e51ba4a6-6f90-50e7-afbd-eec7e0efc01d,,CPAP depth,Question,Numeric,,,,TRUE,
f8d7181d-a152-503d-9c5d-cbe27cc8885d,,Fluid volume in liters,Question,Numeric,,,,TRUE,
4cb1bc08-100c-58d3-9592-9c6353e31a5b,,Volume per feed (mL),Question,Numeric,,,,TRUE,
87aee544-341f-56fe-8ec4-e0ebd3be32a2,,Peak inspiratory pressure (PIP),Question,Numeric,,,,TRUE,
c9a51f95-08b0-5b04-99aa-7b13198d2b31,,Muscle power (motor strength),Question,Numeric,,,,TRUE,
5bcf0841-80da-576d-b1be-f76bff1fe99c,,Tidal volume,Question,Numeric,,,,TRUE,
e504684e-d62d-4805-97bb-7addee76b376,,24-hr Urine Protein (mg/day),Question,Numeric,,,,TRUE,
3cb19e3d-6d3d-4f03-9c7b-6a569f0182fe,,Abdominal examination Fundal height (wks),Question,Numeric,,,,TRUE,
542203a2-9c88-4687-a0eb-bf310820fe18,,"Abnormal findings (vitals, labs, clinical signs) clearly identified - Early warning signs/triggers recognized - Time from first deterioration sign to action documented",Question,Numeric,,,,TRUE,
0c70870d-ba5f-4b0a-a830-bcacf09a2de5,,Additional Payment,Question,Numeric,,,,TRUE,
f5069a8f-1e2d-4dfc-ac20-1d97e87c9c38,,Age started,Question,Numeric,,,,TRUE,
5745a50a-550f-4c1c-a515-0a6eea35296c,,Appropriate action taken within reasonable time (<1 hour for critical changes) - Responsible physician/senior consulted promptly for critical deterioration - Escalation to ICU/HDU recognized and acted on timely,Question,Numeric,,,,TRUE,
07a95227-6ecf-4f72-b8fe-7c01da048ffd,,BMI / MUAC,Question,Numeric,,,,TRUE,
701bf33d-1e1f-4f54-aa11-636f5108bb7a,,BMI Percentile,Question,Numeric,,,,TRUE,
9af36922-7071-4e77-a0fb-0619ff54b152,,Co-trimoxazole Preventive Therapy ? Dispense dose in month,Question,Numeric,,,,TRUE,
a4190ab2-e1c8-4ebd-a8ae-7a21830b8bfe,,De-escalation amount,Question,Numeric,,,,TRUE,
15b13628-b639-48ce-b7b1-de920e41cb96,,Dispensed doses per month,Question,Numeric,,,,TRUE,
86b25a43-b1ab-4f20-9b49-9937baf9e10d,,Duration of last treatment,Question,Numeric,,,,TRUE,
db5aa6dd-4294-48c8-91aa-75c215bedd25,,Duration since last treatment,Question,Numeric,,,,TRUE,
5c1c03cb-f11e-472c-afa3-7b6cc34234e7,,Energy requirement (Kcal/day),Question,Numeric,,,,TRUE,
8b7c3e39-1055-4514-9457-9b88ec7a0790,,Endotracheal tube depth,Question,Numeric,,,,TRUE,
dad6422c-c2d1-459a-b5a5-65bebddf6d12,,Father's age,Question,Numeric,,,,TRUE,
a5b8bd7f-6859-4dff-93f1-5d82c510dc7b,,Fluid input,Question,Numeric,,,,TRUE,
d17cd8b2-174f-4361-b052-4bfdc96d48d1,,Fluid requirement per day,Question,Numeric,,,,TRUE,
c12b9cb9-6892-4100-9316-cb7125bfb2a0,,Frequency / Year,Question,Numeric,,,,TRUE,
2c79ab63-a5c7-4d50-87f6-a27707910e0e,,How many visits,Question,Numeric,,,,TRUE,
300b7096-ceb8-4ae0-9c4f-82b2eb4eebbb,,Litter,Question,Numeric,,,,TRUE,
c60ba033-e397-499a-8963-c06ca6fff303,,Maintenance fluid(ml/kg/day),Question,Numeric,,,,TRUE,
9a85fc39-5be4-4666-a65c-de9e2a2c7f92,,Menstrual cycle frequency,Question,Numeric,,,,TRUE,
0e8bb857-b345-4fa8-8298-c6ac5f458834,,Volume of fluid given,Question,Numeric,,,,TRUE,
f6db603e-1144-4673-b764-26740d5a2120,,Minimum Weight (kg),Question,Numeric,,,,TRUE,
df2c7b1a-24a9-4cd3-a6e7-9b1a4da57673,,Nasal catheter with,Question,Numeric,,,,TRUE,
842b97fb-de8d-4ff0-9f25-d68b16b77c8a,,Nasal prong with,Question,Numeric,,,,TRUE,
4e01579c-2f4c-4f6f-b913-f5b849b08bfe,,Noradrenalin,Question,Numeric,,,,TRUE,
c9e7a63e-6b34-41fc-9482-f5ce6bfd661e,,Number Unscreened,Question,Numeric,,,,TRUE,
b6b298c9-b3a9-4961-aee5-32d26b4718a2,,O2 Billing Trigger,Question,Numeric,,,,TRUE,
549be742-8b3f-4284-8e6d-201fe822e9bc,,O2 Total Liters Consumed,Question,Numeric,,,,TRUE,
936091d2-df89-44ab-b47b-70728965fd99,,Patellar,Question,Numeric,,,,TRUE,
7eb5e25d-9e36-4b97-b1e0-e1423b9b42de,,Problem Number,Question,Numeric,,,,TRUE,
f2ed53d9-16d3-4834-843d-19b049c2364c,,Protein (g/day),Question,Numeric,,,,TRUE,
fb5d64b0-878d-456c-aed5-4e0da473fb03,,Pressure support ventilation,Question,Numeric,,,,TRUE,
cdfd87a5-7bf5-4051-ac60-8f0baf636651,,Registration number,Question,Numeric,,,,TRUE,
1f8dacc7-41ce-4269-abbd-b1afea1cf8e0,,Resomal mL,Question,Numeric,,,,TRUE,
0e5fee9b-3942-4330-916c-e5e510072f8d,,Return Payment,Question,Numeric,,,,TRUE,
05bd0a0f-8f85-4287-9866-04e65fc239f8,,RUTF (# Sachets),Question,Numeric,,,,TRUE,
277bb901-be93-4857-9f02-0a2bee46d778,,"Scalation (ml/hr, drop/min)",Question,Numeric,,,,TRUE,
52ca7221-1ad4-4cf4-a1eb-47899b17e312,,Sedation start,Question,Numeric,,,,TRUE,
95150cff-cd31-4e7a-9ed3-14eb6e2f4773,,Service Payment,Question,Numeric,,,,TRUE,
4763905c-135b-4d63-9c8e-ed6cc029708d,,Size intact,Question,Numeric,,,,TRUE,
2c47dbb9-0e8d-4617-9f3f-262ba818e6c4,,Target oxygen saturation,Question,Numeric,,,,TRUE,
f2b9c07c-8c2a-44b6-ae8d-0adeeddcc8e0,,Total fluid output,Question,Numeric,,,,TRUE,
f00e78ea-9463-486f-8d52-86b93ea9585f,,Waist to hip ratio,Question,Numeric,,,,TRUE,
8c210363-d331-4199-a8df-3ab7e3b59c63,,Weight-for-length/height z-score,Question,Numeric,,,,TRUE,
8ee9b2fe-2bac-415c-8312-3dfaef26843e,,Weight-for-height/median (%),Question,Numeric,,,,TRUE,
7aa55d4c-bb8c-4749-a9e2-c2ad5c44ffe4,,Oxygen saturation with oxygen,Question,Numeric,,,,TRUE,
73931387-7e91-4007-8e06-50ba542af53e,,Oxygen saturation without oxygen,Question,Numeric,,,,TRUE,
dfe26604-6660-4371-aabe-ba9fbf69f2b1,,Duration (per hour),Question,Numeric,,,,TRUE,
9810c264-16e5-4b0f-8c9f-60dbd2193e4c,,Head circumference-for-age z-score category,Question,Numeric,,,,TRUE,
4966afa5-781a-4347-aae5-926831cdc63b,,Height or length-for-age z-score category,Question,Numeric,,,,TRUE,
c9c2b249-5c55-4987-bb75-c4823e453dad,,Year of Delivery,Question,Numeric,,,,TRUE,
c26cdae9-4bd6-443d-8721-85efdf5b0bd3,,P Pressure,Question,Numeric,,,,TRUE,
72f188e6-9235-40d1-b110-9dc88ad518d6,,Sheet number,Question,Numeric,,,,TRUE,
ef2ea1da-d920-4e7f-88ed-b59d8fe6bbb9,,Low (finding),Question,Numeric,,,,TRUE,
73e1710a-bc00-4cc1-9d12-d20415169d15,,High (finding),Question,Numeric,,,,TRUE,
d348e93e-43a6-4e2d-ad0c-e5ad236654c1,,EET,Question,Numeric,,,,TRUE,
193df10e-85d6-4a20-a254-805ea9d22553,,Intact size,Question,Numeric,,,,TRUE,
19a86e31-08d9-48bf-843a-4f76bf25a147,,CPAP pressure,Question,Numeric,,,,TRUE,
c65e71f1-492c-42c7-adb9-4948cd09c381,,Did you have adequate income,Question,Numeric,,,,TRUE,
7c4cc01f-10b3-4aa9-a368-2b93f93fcb03,,Target population category,Question,Numeric,,,,TRUE,
992b4725-2a22-4e3d-a59f-020d8043dc38,,Waist Circumference Interpretation,Question,Numeric,,,,TRUE,
798ba6cc-7732-4034-b7dc-e3d8a328ba62,,Dose (micrograms),Question,Numeric,,,,TRUE,
74f1398b-d9ab-4138-80ee-61883de48657,,Sedative dose administered,Question,Numeric,,,,TRUE,
263f8fd3-ae90-45a8-a2ef-bf46f7a870f8,,Child number,Question,Numeric,,,,TRUE,
b3626896-6a72-47d7-9a49-49425d7094a5,,Recording end time,Question,Numeric,,,,TRUE,
bc6c0cf6-6ee8-4e8d-aa95-77a2bdce51af,,Bed charge,Question,Numeric,,,,TRUE,
1a82c288-397c-4125-97c7-088d36ba20b1,,Operation procedure charge,Question,Numeric,,,,TRUE,
fff5a263-74ac-48b4-9b78-9b5d6c6ddfd3,,Left lower extremity motor power,Question,Numeric,,,,TRUE,
5e467328-0e68-47a8-a4f9-8af6edd21bb0,,Left upper extremity motor power,Question,Numeric,,,,TRUE,
cee77467-2275-446d-8e06-7ac3cf8b560f,,Therapeutic diet daily volume,Question,Numeric,,,,TRUE,
4642aa54-9911-4273-9fbb-5d73a1f86d42,,Prepaid amount (Birr),Question,Numeric,,,,TRUE,
b5a48c10-dc8d-42ab-b912-3d41e9466af0,,Prioritized problem number,Question,Numeric,,,,TRUE,
34f3ae9d-5330-4d1e-a67b-117d3df44dab,,Right lower extremity motor power,Question,Numeric,,,,TRUE,
62ce8ee7-e220-41dd-89f8-426c85a0828a,,Right upper extremity motor power,Question,Numeric,,,,TRUE,
4dfc9bc3-f18b-4fba-81e4-cd94fc3c0003,,Total payment (Birr),Question,Numeric,,,,TRUE,
6e833b68-233b-4a63-836a-8bce02d24968,,Propofol dose,Question,Numeric,,,,TRUE,
990f6136-24e6-4300-ac88-a6e4abebd04f,,Oxygen (litres),Question,Numeric,,,,TRUE,
34fbe75b-1666-413b-8064-21c45e3b85ab,,Adrenaline (Epinephrine) dose,Question,Numeric,,,,TRUE,
937765e2-7f14-4a1f-b6dd-425a92149a50,,Atropine dose,Question,Numeric,,,,TRUE,
b6c2def8-4ffc-4a89-885e-fa109542427f,,Dexamethasone dose,Question,Numeric,,,,TRUE,
9473c140-90ad-47fb-9b12-13b2743af8a4,,Ketamine dose,Question,Numeric,,,,TRUE,
ac8fe479-c263-42fa-b289-390ad4bd2955,,Mf (ml) - neonatal CPAP monitoring,Question,Numeric,,,,TRUE,
97d878cf-4807-480a-a236-8f8f416f7be1,,Recumbent length (cm),Question,Numeric,,,,TRUE,
e77532e0-b6c7-4873-bf1b-61f1835a09df,,Fluid input volume (ml),Question,Numeric,,,,TRUE,
3fb37cfd-fb18-4766-8ffe-6e7151307f06,,Therapeutic feed taken (percent of prescribed),Question,Numeric,,,,TRUE,
6b0ffd6c-9e28-41a3-aac4-1f087a830f11,,FT3,Question,Numeric,0,,,TRUE,
2a332a94-b337-49e9-bc34-4b78ace16049,,FT4,Question,Numeric,0,,,TRUE,
c19583f2-4bac-42e2-bbfe-8b65a9f2ad9f,,Cortisol,Question,Numeric,0,,,TRUE,
5cc020fb-8667-463c-84f6-100cd9da8fe8,,Adrenaline infusion rate (mcg/kg/min),Question,Numeric,,,,TRUE,
4457a03b-3c53-4ed3-81e8-dde840dcbf97,,BMI Z-score,Question,Numeric,,,,TRUE,
15d60d87-49e3-4f9f-8474-801250d83b3b,,Age (years),Question,Numeric,,,,TRUE,
700f77d9-45d3-426b-868c-84ea071665a7,,Visit number,Question,Numeric,,,,TRUE,
